11146,ron190/jsql-injection,Java
1458,IIC2233/Syllabus,Jupyter Notebook
1251,IIC2233/syllabus,Jupyter Notebook
1139,AdguardTeam/AdguardFilters,Python
966,rrojasl/Steelgo-QA,C#
910,aragonopendata/local-data-aragopedia,Java
781,omegaup/omegaup,PHP
727,FortAwesome/Font-Awesome,JavaScript
653,TechMindsMX/modulusuno-v3,Groovy
648,danog/video-dl,JavaScript
514,mxabierto/adela,Ruby
443,IIC2233-2016-1/syllabus,HTML
430,sostenibilidad-unam/planeacion-colaborativa,HTML
422,ISWPOLI/Pacto-de-Honor,JavaScript
396,rosenpin/AlwaysOnDisplayAmoled,Java
391,Circuletica/cake-cmpsa,PHP
390,IIC2233-2016-02/Syllabus,HTML
388,zaqueoae/Catinfog,CSS
363,mercadopago/px-ios,Swift
360,lancis-apc/planeacion-colaborativa,HTML
356,IIC2115/Syllabus,Jupyter Notebook
339,Microsoft/vscode,TypeScript
335,jesumv/vannetti.biz,PHP
315,jualoppaz/pronostigol,HTML
306,rg3/youtube-dl,Python
304,bireme/proethos2,TSQL
285,mxabierto/dgm,HTML
283,datosgobar/series-tiempo-ar-api,Python
282,IIC2233-2015-2/syllabus,HTML
267,MajkiIT/polish-ads-filter,Rascal
266,andes/app,TypeScript
264,Program-AR/pilas-bloques,JavaScript
262,gobstones/gobstones-web,HTML
258,max-linux/max-desktop,HTML
243,ciudadanointeligente/votainteligente-portal-electoral,Python
234,rsherrera/project-caja,ASP
233,datosgobar/portal-andino-theme,CSS
232,chrmarti/testissues,JavaScript
228,deathbybandaid/SpiceBot,Python
220,InstitutoPascal/Staff,Python
218,OCA/l10n-spain,Python
215,datosgobar/series-tiempo-ar-explorer,TypeScript
215,alabs/nolotiro.org,Ruby
211,ricpelo/miproyecto,PHP
208,tpfinal-pp1/tp-final,Java
203,AyuntamientoMadrid/participacion,Ruby
202,uqbar-project/wollok,Xtend
201,CIECODE-Madrid/tipi,CSS
200,InstitutoPascal/adminwebpro,HTML
199,geowe/geowe-core,Java
196,PublicarNuevosNegocios/ProveedoresOnLine,C#
193,iesdonana/mueveme,PHP
193,MCV-Univalle/Freiya,Java
191,yotech/agis,Python
190,smptracing/SMP,PHP
189,GobiernoFacil/tu-evaluas,JavaScript
187,alvdomnun/ISPP_A4MJ,HTML
184,profeIAP/panelDeControl,PHP
183,chamilo/chamilo-lms,PHP
179,manuelcalerosolis/Gestool,xBase
178,jennywoites/TallerProyectosII-2C-2015,Java
174,martineq/tp7552,HTML
170,RosarioCiudad/democracyos,JavaScript
167,techo/voluntariado-eventual,PHP
167,CarlosAdrianM/Nesto,Visual Basic .NET
165,Phoenix-Core/PhoenixCore,C++
163,jmg0137/3D-Viewer-v2.0,HTML
163,ElemeFE/element,Vue
162,addinkevin/taller2trips,Java
160,golang/go,Go
160,Program-AR/pilas-engine-bloques,JavaScript
156,macuro96/skeletonstrap,PHP
156,duhow/ProfesorOak,PHP
153,GobiernoFacil/agentes-v2,HTML
152,sostenibilidad-unam/SHV,HTML
151,teanocrata/OpenSmartCountry,Python
150,rafgardom/ISPP-Makai,Java
149,influunt/influunt,Java
147,Narvalex/Agrobook,C#
145,LibreCoopUruguay/mapasculturais,PHP
144,developersdo/empleo-dot-net,JavaScript
143,datosgobar/pydatajson,Python
142,migasfree/migasfree,Python
141,profeIAP/proyecto2015-16,PHP
141,Bulls90/asir,Jupyter Notebook
140,sebasmoyano/south-conqueror,JavaScript
140,nacho270/GTL,Java
140,GeographicaGS/AquaGIS,JavaScript
139,amartingu72/greco,Java
139,MicrosoftDocs/azure-docs,PowerShell
138,sigcorporativo-ja/Mapea4,JavaScript
137,spring-projects/spring-boot,Java
137,seba1165/SSMS-PSA_y_Epicrisis,HTML
137,LBAB-Humboldt/BioModelos.v2,HTML
136,jmencisom/wikastro,Python
136,fatimaTalavera/OnProject,JavaScript
134,kogg/instant-logos,JavaScript
133,globo-technology/sic-api,Java
129,datosgobar/portal-andino,Python
128,odoo-dominicana/l10n-dominicana,Python
127,y-yagi/WalkLogger,Java
127,udistrital/arka_cliente,TypeScript
127,conda/conda,Python
126,rafabernal94/sanlucar,PHP
126,Laboratoria/curricula-js,JavaScript
124,PaolaGomezPriego/planeacion-colaborativa,HTML
124,ISWPOLI/poli-booking,HTML
123,Jumpi96/helpo,JavaScript
122,mercadopago/px-android,Java
122,MUS3RP0L/wwwachuchus,PHP
121,sostenibilidad-unam/posgrado,Python
121,asrob-uc3m/impresoras-asrob,C
120,IIC2233-2015-1/syllabus,HTML
120,Armada-Azteca/ArmadaAztecaServer,C++
119,fryntiz/torrentlibre,PHP
119,didierrenardub/ub_testing,Java
119,davidmigloz/go-bees,Java
119,codenautas/backend-plus,JavaScript
119,chiqui3d/nombresparabebes,CSS
119,SIB-Colombia/dataportal_v2_frontend,JavaScript
118,SliceDevelopers/keppler_core,JavaScript
117,gabhu-dev/LIM010-social-network,JavaScript
117,DemocraciaEnRed/vicentelopez,JavaScript
115,y-yagi/TravelBase,Java
115,IIC2413/Syllabus-2019-1,Jupyter Notebook
114,mxabierto/madison,PHP
114,PaddlePaddle/Paddle,Python
113,eventoL/eventoL,Python
112,pythoncanarias/web,Python
111,reyesdiego/TerminalsUI,JavaScript
111,jncorrea/gop,PHP
111,jennywoites/MUSSA,Python
111,fpempresa/fpempresa,JavaScript
111,LeandroPennella/uces.web2.agendaLean,Java
111,DanielSantidrian/UBUassistant,Java
111,ACLSystems/alumno,JavaScript
109,matacos/mataco-server,SQLPL
109,ProyectoIntegrador2018/conexion_tec,Ruby
108,TFG-Veterinaria/VeterinApp,TypeScript
106,sbosio/rla-es,Perl
106,ciudadanointeligente/abre,JavaScript
105,JoseAntonioMHerrera/MeteoApp,JavaScript
104,interlegis/sapl,Python
104,datosgobar/monitoreo-apertura,Python
104,amtBurgos/Perikymata2017,Jupyter Notebook
103,UDA-EJIE/udaRUP,JavaScript
103,47deg/sbt-org-policies,Scala
102,AyuntamientoMadrid/consul,JavaScript
101,oktrueque/oktrueque,CSS
101,mxabierto/participa,JavaScript
101,WeekFood/WeekFood,JavaScript
100,makingdevs/MyBarista,Groovy
99,dbarobin/dbarobin.github.io,CSS
99,cfoch/SIGAD-business,Java
99,InstitutoNacionalDeDeportes/PostulacionAltoRendimiento2017,HTML
99,Fictizia/Master-en-Programacion-FullStack-con-JavaScript-y-Node.js_ed3,JavaScript
99,AdrianAntonGarcia/-TFG-UBUSetas,HTML
98,siisp/websystem,JavaScript
98,obophenotype/human-phenotype-ontology,Makefile
98,SGC-Tlaxcala/cmi,CSS
97,mxabierto/ng-ckan,JavaScript
97,ivantrujillo79/conciliacionbancaria,JavaScript
97,SIB-Colombia/biodiversity_catalogue_v2_frontend,JavaScript
96,whooohq/whq-woocommerce-chilexpress-shipping,PHP
96,odoomrp/odoomrp-wip,Python
96,hanoii/tallerproyectos2,Java
96,CodeandoMexico/terremoto-cdmx,CSS
95,unix4you2/practico,HTML
95,juanzan92/ProyectoFront,CSS
95,ansible/ansible,Python
95,IBM/BlueXolo,HTML
94,reek/anti-adblock-killer,JavaScript
94,polymer-spain/DeusCoNWeT,Python
94,jobiols/cl-iomaq,Python
94,docker/kitematic,JavaScript
93,bireme/proethos,PHP
93,Camila1797/Trabajo-nfasis.,Java
92,udistrital/financiera_cliente,JavaScript
92,uBlockOrigin/uAssets,Shell
92,ant-design/ant-design,TypeScript
91,hacklabcbba/federica,JavaScript
91,aitormendez/iac-web,HTML
90,kubernetes/kubernetes,Go
90,joni182/lobo,PHP
90,InfiniteFlightAirportEditing/Navigation,Python
90,GobiernoFacil/vinculacion,HTML
89,tensorflow/tensorflow,C++
89,matiasg/distribucion,Python
88,civio/quienmanda.es,HTML
87,andybotting/xbmc-addon-afl-video,Python
87,OsirisArguello/QuechuaApp,Java
87,GobiernoFacil/the-gummy-bears,JavaScript
86,sergiopsinformatico/FLASHCARDS,Java
86,antonmc/robot-scanner,Objective-C
86,SemanticWebBuilder/SWB,Java
86,LBAB-Humboldt/biomodelos_db_api,JavaScript
86,InstitutoPascal/campuswebpro,Python
86,IAMCorporativos/ancar,Ruby
86,Ciclop/Terasology,Java
85,trivialbox/aluc,PHP
85,lca0037/GII18.0U-Ububooknet,JavaScript
85,Degryll/ZBE,C
84,sio2sio2/lobaton,JavaScript
84,jlnarvaez/tradegame,PHP
84,dalthviz/git_web_practice,HTML
84,alibaba/nacos,Java
84,PyAr/pyarweb,HTML
84,IIC2613/Syllabus,Jupyter Notebook
83,proyecto-ifes-autorizacion/AdeT,JavaScript
83,fwilchel/gip3,Java
83,evenge/EVENGE,HTML
83,afaraldo/casa-de-las-pinturas,JavaScript
83,JobCore/employee-mobile,JavaScript
83,Jcaspen/segurcastillo,PHP
83,ISWPOLI/precise_estimate,TypeScript
82,benjavalero/replacer,Java
82,SIB-Colombia/portal_general_wp,PHP
82,Paula204/ISPP,Java
82,PapirusDevelopmentTeam/papirus-icon-theme,Shell
81,mariamartinmarin/virUCA,HTML
81,librariesio/libraries.io,Ruby
81,jualoppaz/jmlp,JavaScript
81,dzhw/metadatamanagement,Java
81,PupiUTN/Agiles,HTML
81,JPPINZONR/HiddenMemory,HTML
81,AgoraUS-G1-1617/Deliberations,Java
80,y-yagi/WikinClient,Java
80,alesegdia/LD32,Haxe
80,12-cactus/espinoso,PHP
79,rust-lang/cargo,Rust
79,matiduarte/TallerDesarrolloDeProyectos2,Java
79,jba0040/PlataformaTorneos2x2,HTML
79,calisetpis2019/app.caliset,C#
79,aog0036/TFG-SmartBeds,Jupyter Notebook
79,ao-libre/ao-cliente,VBA
79,DPIRPSG/DPHackaton,Java
78,neodoo/proyecto_open4job_2014,Java
78,librariesio/librarian,JavaScript
78,decyt-tdf/siep,PHP
78,TodoPago/Plugin-WooCommerce,PHP
78,EOSIO/eos,C++
78,DanielCalle/ucmquiz,Java
77,TPVFox/TPVFox,PHP
77,SIB-Colombia/catalogo-de-la-biodiversidad-frontend,JavaScript
77,RubenPerez95/AvengersLive,Java
77,Program-AR/gs-element-blockly,JavaScript
77,MCV-Univalle/Playtherapy,C#
76,rofaccess/CENADE,HTML
76,pramartinez/IV_project,JavaScript
76,cltorresfe/members,Ruby
76,blancoparis-tfc/tfcContabilidad,Java
76,ZBoxApp/manager-react,JavaScript
76,HotelSistemasGestion/Hotel,JavaScript
76,24pullrequests/24pullrequests,Ruby
75,tdp2-2c-2019/myhealthapp-backend,JavaScript
75,oslugr/ugr-transparente-servidor,JavaScript
75,juan230500/ServidorTEC,Java
75,degreeworkunivalle/Front,JavaScript
75,andrew/first-pr,JavaScript
74,uner-digital/DSpace,Java
74,endetr/sis_planillas,PHP
74,arduino/Arduino,Java
74,FrogTechDev/SolucionesAudioVisuales,CSS
74,CrimsonGlory/posaderos,PHP
73,rust-lang/rust,Rust
73,mumuki/mumuki-laboratory,Ruby
73,kpagcha/EventScheduler,Java
73,endetr/pxp,PHP
73,UnisoftCorporated/Unisoft,CSS
73,SliceDevelopers/keppler_admin,JavaScript
73,RAINYBEARD/FINALBOSS,JavaScript
73,LucasLencinas/Rampas,JavaScript
73,AntJesJM/Monparti,Java
72,matudelatower/logiautos,HTML
72,jessossan/TFG,Python
72,SemanticWebBuilder/SWBPortal,Java
72,SOS-2016-05/SOS-2016-05,JavaScript
71,yarnpkg/yarn,JavaScript
71,udistrital/presupuesto_cliente,TypeScript
71,instedd/cruzroja-registro,Elixir
71,flutter/flutter,Dart
71,ISWPOLI/TANGRAM-TEAM,PHP
70,y-yagi/WhatIsYourName,Java
70,tectijuana/taller,R
70,leandrogonqn/Proyecto2017Seguros,Java
70,jfs1001/GESPRO_GESTION_DE_VERSIONES,Java
70,TheLagger69/quizzy-frontend,JavaScript
70,PyBAQ/django-quilla-web,HTML
70,DPIRPSG/DP10Entrega,Java
70,ColombiaPython/sitio-web,HTML
70,ClaraPalacios/TFG-Sistema_de_recomendacion_Asignaturas_Optativas,Jupyter Notebook
69,unizar-30226-2019-08/Backend,JavaScript
69,sequelize/sequelize,JavaScript
69,rnc0011/SistemaRecomendacionTFG,Jupyter Notebook
69,home-assistant/home-assistant,Python
68,josdurgar1/routeGo,Java
68,datauy/ElijoEstudiar,JavaScript
68,alibaba/canal,Java
68,alfauramo/teachtag,CSS
68,PFLC/JugandoConGit,Jupyter Notebook
68,MUTUAL-DE-SERVICIOS-AL-POLICIA/PVT-BE,PHP
68,EnginyeriaSofwareUB/ES2017B1,C#
68,CarlosDavila2896/SAEDI,JavaScript
68,ArielSalvadorDev/transparenciaApp,JavaScript
67,pojome/elementor,JavaScript
67,paulbrodsky/benjamin,C#
67,makingdevs/Ienpop-website,HTML
67,globo-technology/sic-ops,Java
67,danitoro97/druidKuma,PHP
67,GNUtn/eventoL,Python
67,FedeFranco/animas,JavaScript
66,y-yagi/OneTouchSearch,Java
66,xiomarapulido/Colombia-Feels,JavaScript
66,poiggi/flexdule,Java
66,pagarme/pilot,JavaScript
66,mjuez/TFM2016_Analisis-Visual-Revisiones-Codigo,TypeScript
66,FranciscoBarbaG/netflox,PHP
66,CodigoSur/cyclope,Python
65,softtek-gdl/softtek-meetups,HTML
65,sihaysistema/factura_electronica_gt,Python
65,pollin14/filmoteca,PHP
65,mxabierto/cumbre-global,HTML
65,manuelbr/Proyecto_CC,Ruby
65,grafana/grafana,TypeScript
65,fryntiz/Debian_Developer_Init,Shell
65,NickCis/7552-taller-prog-2-2015-C1,HTML
64,villalon/emarking,PHP
64,scieloorg/opac,JavaScript
64,nalaserna/igboutique,PHP
64,jobiols/reves,Python
64,fex-team/ueditor,JavaScript
64,felipecalvo/saludos-gdd,C#
64,devschile/huemul,JavaScript
64,dbanini/taller1_banini_fantini,Java
64,datosgobar/georef-ar-api,Python
64,PabloMoragaN/Equipo02,Java
64,LinkUpFiuba/frontend,Java
64,ISPP-ETSII/Web,HTML
63,sharingplay/Scrabble,C++
63,reservastecpetrol/SERGE-ReservasTecpe,JavaScript
63,oscar490/miespacio,PHP
63,nvidiosin/isoAbbey,C#
63,mercadopago/dx-php,PHP
63,flutter-es/website,Dart
63,datosgobar/django-datajsonar,Python
63,celeeste06UNI/Equipo1_Pineapple,Java
63,bitpay/copay,TypeScript
63,UNIZAR-30248-2017-GIMNASIO/GimnasIO-app,Java
63,TransformaTI/CyC,Visual Basic
63,SpiceBot/SpiceBot,Python
63,DSantamaria18/multikirola,Groovy
62,urodriguez/FlourApp-TrabajoProfesional,TypeScript
62,pytorch/pytorch,C++
62,pemife/GamesAndFriends,PHP
62,odoo-ecuador/odoo-ecuador,Python
62,mavalroot/the-artchive,PHP
62,matacos/mataco-app,Kotlin
62,makingdevs/ICEM,HTML
62,dgiim/blog,HTML
62,Mariliayovana/LIM010-social-network,JavaScript
62,JoacoAllende/ControlDeVentas,TypeScript
62,DigimundoTesca/CK-Dabbawala,HTML
62,AndreyZartty/Scrabble,CMake
61,soker90/intravita,Java
61,sectureags/inventariobi,PHP
61,jjoseba/gestionMES,Python
61,godotengine/godot,C++
61,gabhu-dev/LIM010-fe-md-links,JavaScript
61,ciemat-tic/codec,C
61,Tesis2016-Sistema-federacion-de-Hockey/Tesis2016-Sistema-Federacion-de-Hockey,Java
61,ISWPOLI/Servicios_Bibliotecarios,JavaScript
61,CeiboIT/sof-tokyo-react,JavaScript
60,softcraft/inspira.ac,PHP
60,sismoide/server,Python
60,sherrerap/eSalud,JavaScript
60,ricpelo/pajaritos,PHP
60,rickyvadala/plogger,TypeScript
60,joselucross/TFG-SmartBeds,Jupyter Notebook
60,VicdeJuan/Apuntes,TeX
60,Tulmot/Sklearn-Multilabel,Jupyter Notebook
60,SIB-Colombia/portal-de-datos-frontend,JavaScript
60,FacuDeveloper/Sistema-de-riego,Java
60,EnginyeriaSofwareUB/ES2017A2,ASP
60,Arquisoft/dechat_es2b,HTML
59,sindudasmx/sd,CSS
59,oscar490/myspace,PHP
59,juanmanuelromeraferrio/trabajo-profesional,Java
59,coljs/medellinjs,JavaScript
59,codexgigassys/codex-backend,Python
59,carlosgarcia8/gkri,PHP
59,caleeli/documentos,PHP
59,brm-viracachac/brm-estelar-bmw-arpc,HTML
59,adopta-un-musico/adopta-un-musico-express,JavaScript
59,Unicen-Tupar/nrodriguez,PHP
59,EnginyeriaSofwareUB/ES2017B2,C#
58,tryton-ar/account_invoice_ar,Python
58,nicolasrivadeneira/OnlyProject,PHP
58,mrr0088/Python_DataClassification,Jupyter Notebook
58,jhon1125572/750092M-DesarrollodesoftwareII-Personalcollectionmovies,Go
58,globo-technology/sic-com,TypeScript
58,elastic/elasticsearch,Java
58,desastre-ecuador/mapa.desastre.ec,PHP
58,datosgobar/api-gateway,Python
58,ctt-gob-es/clienteafirma,Java
58,beerjs/santiago,JavaScript
58,alfa-addon/addon,Python
58,SOS1617/SOS1617-09,JavaScript
58,ProyectoIntegrador2018/mei_frontend,JavaScript
58,Cvaztian/CarpoolingTEC,Java
58,Alvaov/Circuit-Designer,Java
57,tgc-utn/tgc-viewer,C#
57,ramlunak/ceuopenmed,CSS
57,jsmr95/libraryii,PHP
57,gustavo-alarcon/ms-crc-lajoya,HTML
57,fwilliams96/TFG,C#
57,fatiilluch/Grupo10,Prolog
57,fabian152195/Scrabble,C++
57,eslint/eslint,JavaScript
57,dejuata/SCR,JavaScript
57,composer/composer,PHP
57,codenautas/qa-control,JavaScript
57,civio/quiencobralaobra,HTML
57,ciudadanointeligente/vizard,Ruby
57,DPIRPSG/DP9Entrega,Java
57,Brandon1016/pureWit,JavaScript
56,umalcc/gestorlcc,Ruby
56,udistrital/plan_cuentas_mongo_crud,Go
56,mgallegos/decima-sale,PHP
56,matiaslp/tp-anual-grupo1,Java
56,laravel/framework,PHP
56,fnemina/cursos_UEFM,Jupyter Notebook
56,endetr/sis_contabilidad,PHP
56,andypear/DSE-DA,C
56,anassa/aleph_frontend,CSS
56,SomniaEC/kuiranna,PHP
56,PythonEcuador/PythonEcuador.github.io,Python
56,Jomari94/weRgamers,PHP
56,JJCCGGRR24/Firulais-2.0,Java
56,GladysDlcm/LIM010-data-lovers,JavaScript
56,EnginyeriaSofwareUB/ES2017A1,ASP
56,DSantamaria18/gobela,Groovy
56,CERTUNLP/NgenBundle,PHP
55,odoo/odoo,JavaScript
55,mxabierto/sara,Python
55,mercadopago/sdk-php,PHP
55,matiaszamorano/fusapp,JavaScript
55,jobiols/jeo,Python
55,ezekie92/finestfitness,JavaScript
55,crystal-lang/crystal,Crystal
55,asergiop21/congo,Ruby
55,ProyectoIntegrador2018/STTA,JavaScript
55,JuliaLang/julia,Julia
55,Desarrollo-CeSPI/kimkelen,PHP
55,Appsamblea/Appsamblea_Cliente_Android,Java
54,sitmun/sitmun-admin-app,TypeScript
54,santii810/ApuntaExtra,Java
54,onixmedia/Proeza,CSS
54,myLook2018/myLook,JavaScript
54,ludica-squamata/mano-gift,Python
54,jgsogo/neutron,Python
54,crbarreto/restaurall,C#
54,ciudadanointeligente/partidopublico,HTML
54,borjafdezgauna/DSG,C
54,arjonatorres/artika,PHP
54,adsbypasser/adsbypasser,JavaScript
54,Tecnicas-de-Programacion-Equipo-2/Proyecto-Final-Equipo-2,Python
54,InstitutoPascal/eld_cosmetic,JavaScript
54,FrancoQuiroga04/Grupo2Paradigmas,Prolog
54,DemocraciaEnRed/congreso,JavaScript
53,zaragoza-sedeelectronica/zaragoza-sedeelectronica.github.io,Java
53,rlp0019/Activiti-Api,Java
53,reyiyo/eventoL,Python
53,marianzarg/seguros,Java
53,jampys/INNSA,PHP
53,ctripcorp/apollo,Java
53,cocos2d/cocos2d-x,C++
53,caom92/Espresso,JavaScript
53,aplazame/assets,CSS
53,FelipeSulser/SSCEntrega3,HTML
53,CIECODE-Madrid/tipi-engine,Python
53,BorjaG90/threeplusone,Scala
52,yjx0003/UBUMonitor,Java
52,tectijuana/interfaz,Assembly
52,rodrif/RecorridasZOTP,Java
52,jorgelisari1/LIM010-data-lovers,JavaScript
52,jesumv/stellusv1,PHP
52,efuentesp/ento_editorial,PHP
52,dotnet/roslyn,C#
52,datosgobar/infra.datos.gob.ar,Python
52,culturagovbr/siminc2,PHP
52,concristina/carreros,Jupyter Notebook
52,brave/browser-laptop,JavaScript
52,GelosoFederico/Algoritmos-3-TP-2,Java
51,slayerfat/sistemaPCI,PHP
51,niclabs/AdkintunMobile-Server,CSS
51,magento/magento2,PHP
51,mafvidal/UdriveTPTaller2,C++
51,juaneml/IV_1920_Proyecto,Python
51,informaticaipsfa/bienestar,HTML
51,datosgobar/georef-api,Python
51,da2k/curso-javascript-ninja,JavaScript
51,cadena-si-usb/SiraDex,JavaScript
51,angular/angular,TypeScript
51,Silverhill/coupon-backend,JavaScript
51,NervJS/taro,JavaScript
51,Cvaztian/MyInvicibleLibrary,C++
51,APrettyOptimisticSoftwarDevelopmentTeam/Proyecto-Shuxhy-Laravel,PHP
51,ADSI-ITAM-2017/Sistema-Solar,Ruby
50,wlmb/CVU,TeX
50,udistrital/administrativa_cliente,JavaScript
50,stbz1996/GeneradorTec,PHP
50,spyder-ide/spyder,Python
50,spring-projects/spring-data-build,JavaScript
50,sos-2016-11/sos-2016-11,HTML
50,miguelgcb/GESPRO_GESTION_DE_VERSIONES,Java
50,fblupi/grado_informatica-DIU,PHP
50,cluster311/ggg,Python
50,agustinsilva/profebot,Java
50,adsi-itam-2019/Habitacio,CSS
50,IIC2513-2018-1/syllabus,Jupyter Notebook
50,IIC2143-2019-2/proyecto,Dockerfile
50,Domtaxx/Datos-1-Proyecto-2-TextFinder,HTML
49,we-the-force/h1800-ws,PHP
49,seguijoaquin/taller2-appserver,HTML
49,orobleda/GestionProyectos,Java
49,nlareu/DashWar,C#
49,mxabierto/fonden,JavaScript
49,isacc21/agroanalytics,JavaScript
49,gti-sos/SOS1718-08,JavaScript
49,freddiegar/zerocodigo,PHP
49,fabrica-ufg-2017-2/portal-da-transparencia,CSS
49,eduardoneira/Macho-Drive,C++
49,desktop/desktop,TypeScript
49,bvsf/sigcaw,Python
49,bcardiff/themis,Ruby
49,SpreadYourMusic/Backend,Java
49,RedPanal/redpanal,JavaScript
49,Pepedou/Garibaldi,JavaScript
49,Miguelslo27/capacitacion-in-company,PHP
49,MecatronicaUncu/Red-Social-Asociacion,JavaScript
49,FDMilesi/pfc-gmz,Java
49,ElZoo/Zooloween,JavaScript
49,DevopensourceTeam/Devopensource_Redsys,PHP
49,AgileTestingColombia/workshop-protractor,TypeScript
48,trona85/GII-17.1B-UBULog-1.0,Java
48,seguijoaquin/taller2-sharedserver,HTML
48,samhv/jedit_cc4401,Java
48,natir0501/ProyectoAP,TypeScript
48,jesubiag/VaadinTest01,Java
48,hashicorp/terraform,Go
48,gonzalopelos/proygrado,C
48,electron/electron,C++
48,cockroachdb/cockroach,Go
48,bireme/fi-admin,Python
48,NucleoDf/ug5k-redanserv-config,JavaScript
48,Nexus-Mods/Vortex,TypeScript
48,Kiszaner/2017_SetasVR_TFG,C#
48,DavidBPCode/GestionClientes,PHP
48,BraventIT/AeccApp,C#
48,Alvaov/Datos-I-Text-Finder,HTML
48,AleXrs24/soundbase,TypeScript
47,zaidaKary/LIM010-fe-burger-queen-api-client,JavaScript
47,softwarejimenez/WebCongresoEstudiantes,PHP
47,pachi/visorxml_nuevo,JavaScript
47,nuxsmin/sysPass,PHP
47,melizasosa/LIM010-social-network,JavaScript
47,lidiasm/ProyectoCC,Python
47,jobiols/cursos,HTML
47,ingsw-sarmiento/libro-matriz-digital,Java
47,gpul-labs/roadmap,HTML
47,exelearning/iteexe,Python
47,comitsrl/lar_361,TSQL
47,carmelobasconcillos/GII16.L-Simulacion-AGV,C++
47,alastria/alastria-node,Shell
47,TFG-US-DreamStill/DreamStill,JavaScript
47,ProyectoIntegrador2018/tutor_virtual,Ruby
47,DemocraciaEnRed/leyesabiertas-web,JavaScript
47,DaniUmbarila8922/Enfasis-1,JavaScript
47,DCC-CC4401/Los-Gremlins,JavaScript
47,Betsycampos/Burger-Queen,JavaScript
46,shk33/cadena-favores,Ruby
46,piratas-ar/loomio,Ruby
46,nano1709/IHEN_2018,JavaScript
46,mvuab-g1-14-15/GameEngineUAB,C++
46,mgallegos/decima-purchase,PHP
46,jlsoriano86/Tema7,Java
46,jinchuika/suni-app,PHP
46,fjdr778/TFG,JavaScript
46,fernando3287/friendly,PHP
46,datosgobar/consulta-publica,JavaScript
46,avdata99/medusapp,PHP
46,aculquicondor/restaurante_mesas,PHP
46,abalbi/gaiman,Perl
46,Pablorc96/TFG,Python
46,PFLC/AprendoGit,Jupyter Notebook
46,Itg0001/TFG_DietaPorDientes,Jupyter Notebook
46,FrankLG/celia360,PHP
46,Fernan-Ramos/Test-Manager,JavaScript
46,Alexis1606/preparate,C#
45,scieloorg/PC-Programs,XSLT
45,lorenalugo/LIM009-Social-Network,JavaScript
45,libreim/apuntesDGIIM,TeX
45,leandrogonqn/TurismoMutualPolicial,JavaScript
45,jorgeatgu/bislai,HTML
45,fchollet/keras,Python
45,facebook/react-native,JavaScript
45,eldelentes/comoayudarmx,HTML
45,danielalopezmino/elbaul,HTML
45,chashdaih/psicologia,PHP
45,TIDE-Chile/resultados,HTML
45,SantiBalbiani/TP_GDD_2C_2016,C#
45,PUC-Infovis/syllabus-2019,JavaScript
45,ISWPOLI/precise_estimate_server,PLpgSQL
45,EnginyeriaSofwareUB/ES2017F1,C#
45,EduardoRisco/SurveyingPointCode,Python
45,CubicERP/cubicerp,Python
45,CIAT-DAPA/usaid_forecast_web,JavaScript
44,tavorazo/Clinic,PHP
44,natigb/Proyecto-2-Text-Finder,HTML
44,lucaslencinas/telefonia,JavaScript
44,lanacioncom/books16,JavaScript
44,joludelgar/bestlyrics,PHP
44,ingadhoc/odoo-argentina,Python
44,ign-argentina/argenmap,JavaScript
44,gratipay/inside.gratipay.com,CSS
44,gisemartinez/ids,JavaScript
44,giansalex/greenter,PHP
44,e-ucm/uAdventure,C#
44,datosgobar/portal-base,JavaScript
44,danielpuente-dpg/GII14.K.QUICKTEST,HTML
44,bernaljuandiego/Ingenieria-de-software-II,Java
44,alexsolanero/PracticaRedSocial,Java
44,agrojas/taller-proyectos-2,Java
44,SandritaDelgado/proyectoApp,Java
44,SIB-Colombia/Biodiversidad-en-cifras,HTML
44,PyConColombia/website-2019,JavaScript
44,Pis-moove-it/reciclando-backend,Ruby
44,NetVaIT/SOFOM,Pascal
44,NestorTejero/ES2016A,C#
44,NavarroFer/Taller1,Java
44,MartinGauna/SGE-G4,Java
44,LedgerHQ/ledger-live-desktop,JavaScript
44,ISWPOLI/old_school,Java
44,GoogleChrome/lighthouse,JavaScript
44,FelipeAveM/Managemet-Services,JavaScript
44,CroquetaMalvada/gestprj_new,HTML
44,CongressWebDevelopers/web-congreso,PHP
44,7547-G2/hoy-como-backend,Java
43,ytdl-org/youtube-dl,Python
43,yoskitar/Cloud-Computing-CC,JavaScript
43,ull-isaatc/vituin-project,Python
43,spring-io/platform,Groovy
43,sarychamsf/ProyectoVinos,TypeScript
43,saltstack/salt,Python
43,raulhaag/MiMangaNu,Java
43,rafaelleru/torrent_player,JavaScript
43,projeto-siga/siga,HTML
43,poolebu/ebookme,JavaScript
43,pablogventura/tesis,TeX
43,minpppst/rsc,PHP
43,isra00/neo-transposer,TSQL
43,ferjflores/segana,PHP
43,bazelbuild/bazel,Java
43,ant-design/ant-design-pro,TypeScript
43,TECH-FDD/ControlVehicular,Java
43,NixOS/nixpkgs,Nix
43,LucasNatoli/zubi,HTML
43,LorittaBot/Loritta,Kotlin
43,JoseBarbero/WorkflowManager,Python
43,HuemulSolutions/huemul-bigdatagovernance,Scala
43,FreeCodeCamp/FreeCodeCamp,JavaScript
43,Domotina/domotina,Python
43,CE2103/Proyecto1_Scrabble,HTML
43,Antkk10/EjerciciosIV,Python
43,AndreyZartty/Gladiators-GBP,C++
43,AlexisHolyoak/las-tejas,PHP
42,we-the-force/wtf-doctorize-pwa,HTML
42,tomasguti/utn-movil,Java
42,reservastecpetrol/SERGE-SistemaDeReservasTECPE,JavaScript
42,pfb1001/GESPRO_GESTION_DE_VERSIONES,Java
42,pemife/aculturese,PHP
42,pawelsalawa/sqlitestudio,C
42,mercadopago/cart-woocommerce,PHP
42,marianorodriguez/75.52-MensajerO,C++
42,leouieda/matematica-especial,Jupyter Notebook
42,jesumv/declaraciones,Ruby
42,helion1/Vueling,JavaScript
42,faustodelatog/malebox,HTML
42,endetr/sis_proyectos,PHP
42,daraahh/proyectoIV,Ruby
42,betocastillo86/huellitasv2,C#
42,albgomceb/Drafter,Java
42,PyAr/asoc_members,Python
42,OscarMichelH/falcon-mx,HTML
42,LuisAlejandro/tribus,Python
42,Lsickle/Lprosarc2,HTML
42,JanetGM/LIM008-fe-md-links,JavaScript
42,ISWPOLI/PoliLockers,PHP
42,ISPP/pet-care,Java
42,IEE2463/classroom,C
42,Fictizia/Master-en-programacion-de-aplicaciones-con-JavaScript-y-Node.js_ed1,JavaScript
42,Encouver/rnce,PHP
42,Dxnium/Datos1_Project1_1.10,Java
42,DakaraOnline/dakara-server,C++
42,DCC-CC4401/suTontoGrupo-T4,JavaScript
41,ungs-pp1g2/delix,JavaScript
41,sedeo/dragaliafound,PHP
41,sebas0163/Datos1_Proyecto2,Java
41,programminghistorian/ph-submissions,Jupyter Notebook
41,necsoft/codepoems,CSS
41,migasfree/migasfree-client,Python
41,latadeloco/rbcreation,PHP
41,kapisolution/kapi_solution,PHP
41,julioosos/2BACHTIC,JavaScript
41,javieranselmi/booksurfer,JavaScript
41,frlp-utn-is-2018/orderingg,Python
41,enriiquee/CAI-Proteomics,R
41,elastic/kibana,TypeScript
41,eca1001/GESPRO_GESTION_DE_VERSIONES,Java
41,danigove/phergeon,PHP
41,caom92/doc-manager,Java
41,bigdata-mx/factura-electronica,Java
41,belisariops/ATK,Java
41,andjimrio/LTN,Python
41,YoQuieroSaber/votai-theme,HTML
41,Unicen-Tupar/lruggiero,PHP
41,ShirsSosa/LIM010-data-lovers,JavaScript
41,SIB-Colombia/mamut,HTML
41,Miguelslo27/SPV,PHP
41,Microsoft/TypeScript,TypeScript
41,JorgeGuillen/Gol,JavaScript
41,ISWPOLI/BIDA,PHP
41,HackLab-Almeria/hacklab-almeria.github.io,JavaScript
41,GobiernoFacil/mapadai,JavaScript
41,Gecofer/proyecto-CC,Python
41,GTNewHorizons/NewHorizons,ZenScript
41,EGC-G2-Trabajo-1718/autenticacion,Python
41,Cristinaprja/Programacion,Java
41,AthalaAB/LIM008-social-network,JavaScript
40,udistrital/necesidades-cliente,JavaScript
40,rejurime/socketes-tgc,C#
40,rastating/DroidBeard,Java
40,oscarest/PracticaTema7PMDM,Java
40,miguelsachica22/proyectos,JavaScript
40,microsoft/vscode,TypeScript
40,mahaliroblesarbieto/Reto-Rimac-Seguro-Accidentes,JavaScript
40,jsr1002/GESPRO_GESTION_DE_VERSIONES,Java
40,joomla/joomla-cms,PHP
40,jfuenmayor96/ci4712-ui-designer,JavaScript
40,jasag/Phytoliths-recognition-system,Jupyter Notebook
40,dart-lang/sdk,Dart
40,d3athrow/vgstation13,DM
40,camunda/camunda-modeler,JavaScript
40,aps0047/UbuNurse,Objective-C
40,alvarov98/GESPRO_GESTION_DE_VERSIONES,Java
40,aledi/pitagoras,JavaScript
40,adaits-2daw-cliente-grupo1/ejercicio-1,JavaScript
40,ShareX/ShareX,C#
40,RebecaM94/Proyecto_Integrador,C
40,ProyectoIntegrador2018/patrones_hermosos_backend,Ruby
40,ProyectoBoneo/proyectoboneo,CSS
40,OscarRubioGarcia/CCProyecto,Python
40,NestorsImagination/Sample-Multiplayer-Shooter,JavaScript
40,MarianaVargas12/Proyecto2-Gladiadores,C++
40,MarenasD/ProyectoPatagonesFrio,JavaScript
40,ManfredoFerreras/OpeAgencias,C#
40,IngenieriaSoftware1/IngenieriaSoftaware1,JavaScript
40,FDGM/DiplomadoSoftwareEmbebido,C
40,DigimundoTesca/Pet-Guru,JavaScript
40,AlexViatela899/MemoriasHistoricas,CSS
40,AgoraUS-G1-1617/CensoEGC,Java
39,unlp-taller-tecnologias/2016-grupo-1,PHP
39,stagiopbd/ipbl2019,TSQL
39,rhiemer/beerpoints,Java
39,politecnicomodelo/ProyectoMario,Python
39,paxapos/fiscalberry,Python
39,okynos/ProyectoCC,Ruby
39,mozillahispano/mozilla-hispano.org,HTML
39,melchor629/AplicacionTecnologiasWeb,Java
39,marjo1994/LIM009-Social-Network,JavaScript
39,librariesio/github-firehose,JavaScript
39,jufernando18/finca,JavaScript
39,juan230500/Proyecto-2-Datos,Java
39,jobiols/cl-vhing,HTML
39,ivanpatos/tp_taller2,HTML
39,infusionvlc/infusion,Ruby
39,geneontology/go-ontology,Shell
39,edgrid/edgrid-website,HTML
39,datosgobar/datos.gob.ar,CSS
39,consul/consul,Ruby
39,codenautas/txt-to-sql,JavaScript
39,atom/atom,JavaScript
39,apj0007/PrawnView,Python
39,ao-libre/ao-server,VBA
39,alonzazo/saludcomunitaria,HTML
39,aledi/focus,JavaScript
39,Unicen-Tupar/bomberos,PHP
39,Ultimaker/Cura,Python
39,System6six/CXOApp,JavaScript
39,SouthAfricaDigitalScience/yoda-deploy,Shell
39,Som-Energia/plataforma,PHP
39,PedBerTor/decide-ganimedes-cabina,Python
39,JocelynFlores1/Proyecto_Final_3ro,HTML
39,GobiernoFacil/map-shuffle,JavaScript
39,DavidLanderosAlcala/airconsole-project1,JavaScript
39,AndreinaKj/LIM010-data-lovers,JavaScript
39,AgenciaImplementacion/Asistente-LADM_COL,TSQL
38,wildfly-extras/wildfly-camel,Java
38,unizar-30226-2019-02/Android,Java
38,sos-2016-12/sos-2016-12,HTML
38,snwh/paper-icon-theme,Python
38,sebas-mora28/Proyecto-1-Datos-1,Java
38,raulolles/TFG_GII_O_MA_18.08,Python
38,paola0298/inmenDB-Client,Java
38,obenavidez/MICIO,Java
38,norman-ipn/Ajedrez2016,C
38,natalia2911/Proyecto-CloudComputing,Python
38,mgallegos/decima-accounting,PHP
38,josejapch/proyectoIV1617,Python
38,jcestupinanl/ProyectoPoliRiesgos,TypeScript
38,ingbrzy/MA-XML-8.0-SPANISH,JavaScript
38,hacklabcbba/telartes,CSS
38,google/ExoPlayer,Java
38,geneura-papers/2015-MADE-MONOMYTH,PostScript
38,erickaldiaz/fakeMDN,HTML
38,dotnet/docs,PowerShell
38,darkaqua/darkbot,JavaScript
38,ciudadanointeligente/estratega,Ruby
38,asrob-uc3m/operadores,HTML
38,aorimx/ef-s,PHP
38,VivasNosQueremosEcuador/plataforma,Python
38,Unicen-Tupar/jmendonca,PHP
38,Silverhill/coupon-maker-frontend,JavaScript
38,JuanNavasJN/ati-trivia,CSS
38,ISWPOLI/EPPSOFT,JavaScript
38,GrupoDGP/heisenburg,PHP
38,GeographicaGS/gipc,HTML
38,GabrielSolisMabe/Proyecto_Integrador,C
38,FedericoFuentesWeber/TPs-PdeP-2018,Prolog
38,ElvisDSO/Qualificajocs,CSS
38,ElizabethTorre/LIM010-data-lovers,JavaScript
38,CleverRaven/Cataclysm-DDA,C++
38,CC4401-TeraCity/TeraCity,Java
38,ButterFlyDevs/StudentsManagementSystem,Python
38,Br3fr0zen/AppWave,Java
38,AdrianArnaiz/TFG-Neurodegenerative-Disease-Detection,Jupyter Notebook
37,zfsonlinux/zfs,C
37,xenahort/-TFM-Generador-de-historias-Android,Java
37,tbert12/LincedIn-TallerII-App,Java
37,syl20bnr/spacemacs,Emacs Lisp
37,srodmar/gespai,Python
37,sismoide/mobile,JavaScript
37,lolmos/Canica-Cuadrada-Opus,HTML
37,librariesio/librarian-parsers,JavaScript
37,jobiols/str,HTML
37,ion-book/ion-book.github.io,HTML
37,frees-io/iota,Scala
37,fpenovi/MetalZcurra,C++
37,flavioguerrerov/GESPRO_GESTION_DE_VERSIONES,Java
37,ethereum/go-ethereum,Go
37,endetr/sis_kactivos_fijos,PHP
37,diegokim/tdp2-backend,JavaScript
37,danielbc09/Proyecto_CC,Java
37,daniarnaizg/TFG-Amazon-Scraper,Jupyter Notebook
37,cimav/sigre,Ruby
37,calonso-conabio/buscador,HTML
37,bumptech/glide,Java
37,ansible/galaxy,Python
37,agv1006/GESPRO_GESTION_DE_VERSIONES,Java
37,TransformaTI/Caja,Visual Basic
37,The-Four-Lords/CongressCrush,GDScript
37,SilvaMtz/Carpooling,Java
37,Justice-Eternal/justice-eternal.github.io,HTML
37,EnginyeriaSofwareUB/ES2017F2,C#
37,EGC-G2-Trabajo-1718/RedesSociales,PHP
37,DCC-CC4401/2019-1-SoftCore-Solutions-T5,HTML
37,Citlaa/LAY,HTML
37,CeiboIT/sof-tokyo-node-server,TypeScript
37,AlvaroGarciaJaen/alreadycracked,Ruby
36,xihh87/cluster,Shell
36,toblich/UDrive,C++
36,tdp2-2c-2019/myhealthapp-mobile,Kotlin
36,senaceet/Kyukeisho_New,Java
36,saul9402/sfg-pet-clinic,CSS
36,rpm1003/GESPRO_GESTION_DE_VERSIONES,Java
36,pilas-engine/pilas-editor,JavaScript
36,oxiss/Esnaschas_1.0,Java
36,ngVenezuela/wengy-ven,TypeScript
36,mi19her/LIM010-social-network,JavaScript
36,matacos/mataco-control,Python
36,librariesio/favicon,JavaScript
36,lausuper/Robotica,Eagle
36,karengrams/PdPGrupo16,Prolog
36,kant003/Store,Java
36,jormaral/urbanismo,HTML
36,jenolaca/Salado,C#
36,ingbrzy/MA-XML-7.0-SPANISH,JavaScript
36,hexojs/hexo,JavaScript
36,globalstandards/gpsi-erp,JavaScript
36,gdiazpromeba/griego,Java
36,flaghunters/Extra-Flags-for-4chan,JavaScript
36,fev/cudu,Java
36,ejplatform/ej-server,Python
36,ealejandro101/cohortes-admin,Vue
36,andreamorgar/ProyectoCC,Python
36,adsi-itam-2019/myhaus,ASP
36,TodoPago/SDK-PHP,HTML
36,RoyTR/RestaurApp,JavaScript
36,ProyectoInge/Sistema-Administrador-de-Proyectos,JavaScript
36,NelsonParamo/GI16.M_ProyectoCoyuntura,JavaScript
36,MayraMurillo/LIM010-data-lovers,JavaScript
36,KmiArthur/Posconflictter,Java
36,Jendoliver/proyecto_dam,PHP
36,Jannape/lim-2018-05-bc-core-am-socialnetwork,JavaScript
36,Inevio/Outlook,JavaScript
36,GobiernoFacil/evaluacion_ciudadana,PHP
36,GianFF/AdHoc,Ruby
36,GTSoftware/GTRetail,Java
36,AmadeusGraves/ISPP,Java
36,2016AplicacionesDistribuidas/2016ADG04,JavaScript
35,yiisoft/yii2,PHP
35,videojs/video.js,JavaScript
35,victoraidiapp/gbr_for_ios,JavaScript
35,toniMR/CC-GestionPedidos,Python
35,tgstation/-tg-station,DM
35,tdp2-1c2019/petify-android,Java
35,supermanue/slurm,C
35,splashinn/react-axios,JavaScript
35,sebas0163/Datos1_Proyecto1,HTML
35,oslugr/polleitor,JavaScript
35,nodejs/node,JavaScript
35,natalia2911/ProyectoIV-BOT,Python
35,mxabierto/kitcat,Python
35,mxabierto/consulta,Ruby
35,miguelangelrdguez/IV-WS,PHP
35,martintamay/proyecto_sg_defensoria,JavaScript
35,macrowise/blog,HTML
35,lionheart/openradar-mirror,Python
35,iview/iview,Vue
35,iMiguel10/Proyecto-CC,Python
35,gradle/gradle,Groovy
35,gfAlvaro/Java,Java
35,fblupi/master_informatica-SSBW,CSS
35,farosinv/baltolu_odoo_customizations,Python
35,esp8266/Arduino,C++
35,esc-granadilla/campus,Vue
35,entregascontinuas/loencontre.co,PHP
35,comunidad-codigofacilito/gitfacilito,HTML
35,cmda-bt/js-bootcamp-18-19,JavaScript
35,bymsa17/EMAX,C#
35,arthurgregorio/web-budget,Java
35,YenniferHurtado/LIM008-fe-md-links,JavaScript
35,XGProyect/XG-Proyect-v3.x.x,PHP
35,Tecnicas-de-programacion-equipo-4/Proyecto-Final-2,Python
35,Sistema-Integrado-Gestao-Academica/SiGA,PHP
35,PedroBlanco/scorm-encuesta,Smarty
35,PabloCastellano/libreborme,Python
35,JAFS6/Traffic-Flow-Simulator,C#
35,IngenieriaDeSistemasUTB/aquapp2,HTML
35,ISWPOLI/TANGRAM,HTML
35,INTA-Suelos/SiSinta,Ruby
35,IES-Celia/celia360,PHP
35,ECCIUCRLQ/sensores-equipo-404,Python
35,AgoraUS-G1-1617/Creacion-admin-de-votaciones,Java
35,AeroPython/PyFME,Python
35,Acmezon/mii-1516-g2,JavaScript
35,AIDEA775/UNCmorfi,Kotlin
35,04esteban04/Proyecto-1-Circuito-Logico,Java
34,zheref/Fruok,Swift
34,webpack/webpack,JavaScript
34,victorperalta93/IV-Proyecto,JavaScript
34,valsallop/mii-1516-g1,JavaScript
34,ucr-proyecto-integrador-redes-oper/etapa-4-redes-oper-electric-sharks,C++
34,sitmun/sitmun-territorial-app,TypeScript
34,sistemapos2019/Grupo_CFNM,JavaScript
34,siicuidamos/sii-cuidamos,JavaScript
34,psnti/GESPRO_GESTION_DE_VERSIONES,Java
34,proyectoarq1/orgeventos,Python
34,popcorn-official/popcorn-android,Java
34,pikachu49/is2-2016-2-final,TypeScript
34,pablogventura/definability,Python
34,owncloud/core,PHP
34,nebulae-tpi/ms-service,JavaScript
34,meteor/meteor,JavaScript
34,lucianoarguello335/meegos,Java
34,librariesio/firehose,JavaScript
34,karlosc7/TICKETeasy,HTML
34,juusechec/hrm,JavaScript
34,juanmaLC/ProyectoIV,Ruby
34,jmirsteinban/AIII,CSS
34,jfb0019/Gestor-TFG-2016,Java
34,jbmild/WHERE_EN_EL_DELETE_FROM,C#
34,jahirfiquitiva/SoundWave,JavaScript
34,hermany/nucleo,PHP
34,getlantern/lantern,Go
34,franfermi/TFG-Servicio_Web,Python
34,fiubacampus2015/frontend,Java
34,fga-eps-mds/2019.1-Aix,Python
34,fblupi/master_informatica-TFM,TeX
34,fblupi/master_informatica-DSS,Java
