4399,LeaVerou/awesomplete,JavaScript
3856,996icu/996.ICU,Rust
1863,XX-net/XX-Net,Python
1264,KurtBestor/Hitomi-Downloader-issues,Python
1127,LeaVerou/prefixfree,JavaScript
947,opencloset/opencloset,Perl
879,phalcon/cphalcon,PHP
695,th6366/HurabonoProject,Java
667,rhymix/rhymix,PHP
658,xpressengine/xe-core,PHP
656,xpressengine/xpressengine,PHP
515,WizardFactory/TodayWeather,JavaScript
500,billyhwd/CMWiki-3,HTML
493,getlantern/lantern,Go
484,ecomfe/echarts,JavaScript
454,JJoriping/KKuTu,JavaScript
429,kujian/frontendDaily,HTML
421,ant-design/ant-design,TypeScript
401,PKUDeleted/Holes,Python
398,yona-projects/yona,JavaScript
390,inureyes/gradios,JavaScript
388,CarGuo/GSYVideoPlayer,Java
374,NervJS/taro,JavaScript
371,wangfupeng1988/wangEditor,JavaScript
359,parti-xyz/catan-web,JavaScript
348,shadowsocks/shadowsocks-windows,C#
336,poooi/poi,JavaScript
334,hangum/TadpoleForDBTools,Java
330,ant-design/ant-design-pro,TypeScript
319,siteserver/cms,C#
311,Bilibili/ijkplayer,C
310,2DU/openNAMU,Python
306,haizlin/fe-interview,JavaScript
305,three-plus-three/hw_issues,JavaScript
299,zurb/orbit,JavaScript
290,ElemeFE/element,Vue
287,fex-team/webuploader,JavaScript
278,CymChad/BaseRecyclerViewAdapterHelper,Java
276,EasyIME/PIME,Python
273,navermaps/maps.js,HTML
262,FelisCatus/SwitchyOmega,CoffeeScript
261,lotem/rimeime,C++
253,M157q/m157q.github.io,Python
247,z-song/laravel-admin,PHP
242,YMFE/yapi,JavaScript
235,iissnan/hexo-theme-next,CSS
231,MiEcosystem/miot-plugin-sdk,JavaScript
229,team-sosweet/Saucewich,C++
229,PanJiaChen/vue-element-admin,Vue
228,ttttmr/daily,HTML
224,SunnyQjm/movie_web,JavaScript
220,steedos/apps,JavaScript
220,lipangit/JiaoZiVideoPlayer,Java
217,yamujine/artmatch,HTML
216,jumpserver/jumpserver,JavaScript
215,coolsnowwolf/lede,C
212,opencloset/OpenCloset-Share-Web,Perl
210,HelloMocca/YDbaobao,Java
208,youzan/vant,JavaScript
206,digital-idea/csi3,Go
202,bjrambo/nurigo,PHP
200,baomidou/mybatis-plus,Java
200,Meituan-Dianping/mpvue,JavaScript
199,axisj/axisj,CSS
197,xpressengine/plugin-board,HTML
193,v2ray/v2ray-core,Go
191,lipangit/JieCaoVideoPlayer,Java
191,kanasimi/work_crawler,JavaScript
187,hankcs/HanLP,Python
186,chrmarti/testissues,JavaScript
185,edward-leafmill/2016_database,Java
183,NHNNEXT/2015-01-WEB-GUINNESS,JavaScript
182,rladpwns12/moa5racles,Java
180,gureum/gureum,Swift
180,Microsoft/vscode,TypeScript
178,sigmadream/sigmadream.github.io,HTML
176,koolshare/koolshare.github.io,ASP
176,inureyes/Galtron,Python
176,apache/incubator-echarts,JavaScript
175,seoulrain/studyhacks,HTML
174,sparcs-kaist/otlplus,JavaScript
174,smart-learning/design-2.0,JavaScript
174,LuckSiege/PictureSelector,Java
173,proxyee-down-org/proxyee-down,Java
173,fex-team/ueditor,JavaScript
172,PaddlePaddle/Paddle,Python
171,Tencent/bk-cmdb,Go
170,ctripcorp/apollo,Java
169,alibaba/fastjson,Java
167,shadowsocks/ShadowsocksX-NG,Swift
167,scwang90/SmartRefreshLayout,Java
166,iview/iview,Vue
165,DIYgod/RSSHub,JavaScript
164,TeaMeow/TocasUI,HTML
163,thx/RAP,JavaScript
163,tatfook/keepwork,Vue
163,LouiMinister/mythingbee1,Java
163,CoderMJLee/MJRefresh,Objective-C
162,g0v/itaigi,JavaScript
161,pili-engineering/PLDroidPlayer,Java
160,tamlok/vnote,C++
160,snu-sf-class/PP2015f_TA,Racket
160,sda17dev/sda-web,HTML
159,fex-team/kityminder-editor,JavaScript
159,computational-class/bigdata,Jupyter Notebook
156,goodjoblife/GoodJobShare,JavaScript
155,shadowsocks/shadowsocks-android,Kotlin
155,istek/istekcc,CSS
152,naver/guitar,AutoIt
151,wangshub/wechat_jump_game,Python
149,immoonancient/YTSubtitles,HTML
149,airyland/vux,Vue
143,soimort/you-get,Python
143,nndl/nndl.github.io,HTML
141,umijs/umi,TypeScript
141,steedos/creator,CoffeeScript
141,kujihhoe/blogac,CSS
141,jlfex/hermes,Java
140,zacyu/bilibili-helper,JavaScript
140,gitlabhq/gitlabhq,Ruby
140,Tencent/bk-sops,Python
139,parti-xyz/parti-group,CSS
139,iview/iview-admin,Vue
139,TKkk-iOSer/WeChatPlugin-MacOS,Objective-C
138,tatfook/wikicraft,JavaScript
138,okjsp/okky,Groovy
138,clauds/blog,HTML
138,AiHackathon2018/AI-Vision,Python
137,renzifeng/ZFPlayer,Objective-C
137,hansewu/MovieMator,C++
136,connect-foundation/2019-09,JavaScript
136,codenamu/official-assets-explorer,JavaScript
136,2dust/v2rayN,C#
134,naver/yobi,Java
134,mohuishou/scuplus-wechat,Vue
134,goodjoblife/WorkTimeSurvey,HTML
134,2du/openNAMU,Python
133,inezzz/murmul-er,JavaScript
133,alibaba/ice,TypeScript
132,wangding/courses,HTML
132,overtrue/wechat,PHP
131,xuxueli/xxl-job,Java
131,TaiBIF/camera-trap-vueapp,Vue
130,kelseyhightower/nocode,Dockerfile
128,no05s/pdf-support,Java
127,mrbigmouth/acgn-stock,JavaScript
126,seven332/EhViewer,Java
126,rime/home,HTML
126,CienProject2014/OneLevelHero,Java
125,naver/searchad-apidoc,Java
125,litten/hexo-theme-yilia,JavaScript
124,felix-fly/felix-fly.github.io,HTML
124,ai-starthon/AI_Starthon2019,Python
122,cocos-creator/creator-docs,CSS
121,wbluke/miniprojects-2019,Java
121,sdc-alibaba/SUI-Mobile,JavaScript
121,php-cpm/php-cpm.github.io,HTML
121,fatedier/frp,Go
119,shengxinjing/programmer-job-blacklist,Shell
119,alibaba/druid,Java
118,phiDelbak/Board-DX-for-XE,HTML
118,Tencent/wepy,JavaScript
116,tjworks/docs,Python
116,ikedaosushi/tech-news,JavaScript
115,top-think/framework,PHP
114,naver/smarteditor2,JavaScript
114,dcloudio/uni-app,JavaScript
114,allenleein/brains,Rust
114,Chunsjun/OnePiece,Java
113,trunk-studio/trademuch-native,JavaScript
113,star7th/showdoc,JavaScript
113,opencloset/monitor,Perl
112,zhangdaiscott/jeecg-boot,Java
112,littleflute/weixin,HTML
112,eggjs/egg,JavaScript
112,BeginnerSlob/TouhouTripleSha,C++
112,997icu/996.ICU,Rust
110,opencloset/donation,Perl
110,LEEHWIJIN/internsheep-front,CSS
109,kmu-crc/osd_front,JavaScript
109,banchichen/TZImagePickerController,Objective-C
108,vnpy/vnpy,C++
108,pulipulichen/Blogger-Editor,HTML
108,obscenesensi/STORAGE-project,C
108,Kenshin/simpread,JavaScript
107,boostcampth/boostcamp3_G,Java
107,aimingoo/aimingoo.github.io,HTML
106,jeasonlzy/okhttp-OkGo,Java
106,darknessomi/musicbox,Python
106,2dust/v2rayNG,Kotlin
105,opencloset/volunteer,Perl
105,fex-team/fis3,JavaScript
104,typcn/bilibili-mac-client,Objective-C
104,pandao/editor.md,JavaScript
104,aszx87410/frontend-intermediate-course,HTML
104,ant-design/ant-design-mobile,TypeScript
103,watchout-tw/console,JavaScript
103,bjh0501/HOSEO-2B-2-FamilyToto,JavaScript
103,android-hacker/VirtualXposed,Java
103,Wox-launcher/Wox,C#
103,JSpiner/Soma_SlackBot_taja,HTML
102,seogi1004/jui,JavaScript
102,osfans/trime,Java
102,meolu/walle-web,Python
102,lingochamp/FileDownloader,Java
102,eyabc/2019-1-capstone,Vue
102,connect-foundation/2019-03,JavaScript
102,Selection-Translator/crx-selection-translate,HTML
102,NHNNEXT/2015-01-WEB-TOITOITOI,Java
101,ipcjs/bilibili-helper,JavaScript
101,Taebu/prq,HTML
101,Dafrok/vue-baidu-map,Vue
100,unizard/2019.Spring.AI,Jupyter Notebook
100,shadowsocks/shadowsocks,Python
100,Chuyu-Team/Dism-Multi-language,HTML
99,leancloud/docs,JavaScript
99,geeeeeeeeek/electronic-wechat,JavaScript
98,top-think/think,PHP
98,studio2l/roi,Go
98,phantomT/hexo-gitalk,JavaScript
98,monkeyWie/proxyee-down,Java
98,alibaba/easyexcel,Java
98,JakduK/jakduk-web,CSS
97,yunzhiclub/beautifulArtical,JavaScript
97,mrz1277/LoLKR,Objective-C
97,kubesphere/kubesphere,Go
97,kosslab-kr/uftrace,C
96,fxsjy/jieba,Python
96,disjukr/jews,TypeScript
95,medcl/elasticsearch-analysis-ik,Java
95,leanote/leanote,JavaScript
95,fkzhang/WechatUnrecalled,Java
95,connect-foundation/2019-17,TypeScript
95,connect-foundation/2019-04,JavaScript
95,Sui-Siann-Dataset/Sui-Siann-Dataset,Python
95,Kosta179-final/MomsBay,Java
94,youth5201314/banner,Java
94,kimsin3003/X10,C++
94,ferristale/ferristale.github.io,HTML
94,crimx/ext-saladict,TypeScript
94,boostcampth/boostcamp3_D,Java
93,xu-li/cordova-plugin-wechat,Objective-C
93,project-hipart/HiPart_ANDROID,Kotlin
93,congr/world,Java
93,antvis/g2,TypeScript
93,LiteHell/NamuFix,JavaScript
93,ILLIONAIRE-SOFT/CocoaBaby,Swift
92,Tencent/tinker,Java
91,taobao/nginx-book,Python
91,kosslab-kr/linux-perf,C
91,d2-projects/d2-daily,CSS
91,agalwood/Motrix,JavaScript
90,life0style0/hanaGagyeViEW,Java
90,hzuapps/android-labs-2018,Java
89,zhangn1985/ykdl,Python
89,vuejs/vue,JavaScript
89,trunk-studio/trademuch,JavaScript
89,otale/tale,JavaScript
89,hjoon0510/study-coding,C
89,MinKyungNet/MinKyungNet.github.io,CSS
89,Justson/AgentWeb,Java
88,zuiidea/antd-admin,JavaScript
88,thruthesky/ontue,HTML
88,sih4sing5hong5/tai5-uan5_gian5-gi2_kang1-ku7,Python
88,nhnent/tui.grid,TypeScript
88,dvajs/dva,JavaScript
88,AriaLyy/Aria,Java
87,waditu/tushare,Python
87,parti-xyz/canoe-web,Ruby
87,linuxdeepin/developer-center,CSS
87,jinyowo/NTSCalendar,JavaScript
87,Wechat-Group/weixin-java-tools,Java
86,velopert/learning-react,JavaScript
86,syhyz1990/baiduyun,JavaScript
86,pyecharts/pyecharts,Python
86,hq450/fancyss,ASP
86,ZZinBros/miniprojects-2019,Java
86,NLPchina/ansj_seg,Java
86,Alivon/Panda-Learning,Python
85,thx/rap2-delos,TypeScript
85,gnu-runtime/viser,Java
85,femiwiki/femiwiki.com,PHP
85,TaiBIF/camera-trap-webapp,JavaScript
84,swoft-cloud/swoft,PHP
84,hexojs/hexo,JavaScript
84,Nexters/Amoogye,Kotlin
84,MyCATApache/Mycat-Server,Java
84,10alswhd/BlueHouseProject,C
83,margox/braft-editor,JavaScript
83,atgchan/2015_GaeKyungPu,C++
82,youzan/vant-weapp,JavaScript
82,parti-coop/govcraft,Ruby
82,mayswind/AriaNg,JavaScript
82,fex-team/umeditor,JavaScript
82,antvis/g6,TypeScript
82,NG-ZORRO/ng-zorro-antd,TypeScript
82,0mad/yolobook,TypeScript
81,sparcs-kaist/araplus,Python
81,huanghongxun/HMCL,Java
81,hskimhello/helloworld,C
81,astaxie/beego,Go
80,littlecodersh/ItChat,Python
80,RubyLouvre/avalon,JavaScript
80,Hana-Lee/baseball-game,Java
79,sikaozhe1997/Xin-Yue,HTML
79,rime/weasel,C++
79,okuryu/okuryu.github.io,HTML
78,yinghuocho/firefly-proxy,Go
78,ydcss/vue-ydui,Vue
78,wkpark/moniwiki,PHP
78,minb234/CapStoneDesign,C#
78,ax5ui/ax5ui-grid,HTML
78,SwiftOldDriver/iOS-Weekly,Swift
78,KimHyeongSeon/WOWProject,C++
77,flywww/parseCloudCode,JavaScript
77,connect-foundation/2019-15,JavaScript
77,bobplanet/Bobplanet,Java
77,arasoftlab/monitor,Java
77,YiiGuxing/TranslationPlugin,Kotlin
77,Qihoo360/RePlugin,Java
77,NHNNEXT/2015-03-REAL-TUTU,Java
76,rinthel/rust-lang-book-ko,Rust
76,museui/muse-ui,Vue
76,kmycode/sangokukmy,C#
76,ibireme/YYText,Objective-C
76,axisj-com/axisj,CSS
76,ElemeFE/v-charts,JavaScript
75,songjein/akfd,HTML
75,scouter-project/scouter,Java
75,rlibro/feedback,JavaScript
75,qiuxiang/react-native-amap3d,Kotlin
75,mash-up-kr/study-watson,JavaScript
75,libin1991/libin_Blog,JavaScript
75,akasima/xero_commerce,PHP
74,typecho/typecho,PHP
74,sinaweibosdk/weibo_android_sdk,HTML
74,relabcc/east-spring,HTML
74,nhn/tui.grid,TypeScript
74,lifei6671/mindoc,Go
73,xtaci/kcptun,Go
73,sungkuk5420/CarRepairShopApp,Vue
73,kimsQ/rb,PHP
72,zhongmingmao/zhongmingmao.github.io,CSS
72,woowahan-techcamp/5team_gocv,Swift
72,vueComponent/ant-design-vue,Vue
72,nondanee/UnblockNeteaseMusic,JavaScript
72,hzuapps/android-labs-2019,Java
72,bannedbook/fanqiang,Rich Text Format
72,HYEJIN2013/WhiteP,Python
72,Blankj/AndroidUtilCode,Java
72,AAChartModel/AAChartKit,Objective-C
72,521xueweihan/HelloGitHub,Python
71,yscoder/hexo-theme-indigo,CSS
71,trunk-studio/hme-web-api,JavaScript
71,SplashCodes/JAViewer,Java
71,MonospaceTW/monosparta-diving-app,JavaScript
71,75mm-studio/web,HTML
71,233boy/v2ray,Shell
70,wwh-techcamp-2018/team5-fiveMasterGuys,Java
70,wwh-techcamp-2018/team1-WannaOne,JavaScript
70,rolevax/mjpancake,QML
70,minhoryang/AwesomeTitle,Python
70,TaiBON/checklister,Python
70,So-chiru/LLCT,TypeScript
70,HwaYo/LoroClipAndroid,C
70,DigitalPlatform/dp2,C#
70,DickKuo/VisualStudio,JavaScript
70,Carrierr/TipTap_Android,Kotlin
69,woowahan-techcamp/1team_WoowaHanzo,Objective-C
69,virus-warnning/twnews,Python
69,trazyn/ieaseMusic,JavaScript
69,i3thuan5/gi2_liau7_khoo3,Python
69,crazycodeboy/TakePhoto,Java
69,connect-foundation/2019-06,JavaScript
68,woowahan-ioi/miniprojects-2019,CSS
68,rime/squirrel,Objective-C
68,qiwihui/hiwifi-ss,HTML
68,occidere/MMDownloader,Java
68,femiwiki/skin,CSS
68,akveo/ngx-admin,TypeScript
68,Straight-A-students/Instant-Insanity,JavaScript
68,Dokeey/Buy-Sell,HTML
67,yous/YousList,Roff
67,racaljk/hosts,Rascal
67,pili-engineering/PLPlayerKit,Objective-C
67,pcppang/TobysSpring,Java
67,iCloudWorkGroup/fengniao,JavaScript
67,hinesboy/mavonEditor,Vue
67,gyoungeunbae/OnTheWay,Objective-C
67,TaiBIF/camera-trap-api,JavaScript
67,Bigkoo/Android-PickerView,Java
66,wyouflf/xUtils3,Java
66,tjdwls3469/Study,C++
66,thinkcmf/thinkcmf,JavaScript
66,policx/talk,CSS
66,goodjoblife/WorkTimeSurvey-backend,JavaScript
66,LuoShengMen/StudyNotes,HTML
65,velopert/velog,JavaScript
65,notepad-plus-plus/notepad-plus-plus,C++
65,lhc70000/iina,Swift
65,jyshoon/WordGuessApp-Android,Java
65,item4/yui,Python
65,ZhangHanDong/tao-of-rust-codes,Rust
65,Sayi/poi-tl,Java
65,Molunerfinn/PicGo,Vue
65,KenLuoTW/CrazyKTVSongMgr,C#
64,xuliangzhan/vxe-table,JavaScript
64,oldj/SwitchHosts,JavaScript
64,mabeijianxi/small-video-record,C
64,alibaba/p3c,Kotlin
64,Nansogong/Attendance-System,Python
64,NHNNEXT/2015-01-HUDIWEB-JADO,Java
64,Binaryify/NeteaseCloudMusicApi,JavaScript
63,zzhoujay/RichText,Java
63,wenzhixin/bootstrap-table,JavaScript
63,tatfook/paracraft,Batchfile
63,shadowsocks/shadowsocks-manager,JavaScript
63,fxleyu/fxleyu.github.io,CSS
63,dianping/cat,Java
63,datagurukr/Project_2Job,HTML
63,boostcampth/boostcamp3_B,Java
63,75mm-studio/estimate,HTML
62,sih4sing5hong5/tai5-uan5_gian5-gi2_hok8-bu7,Python
62,shadowsocksrr/shadowsocksr-csharp,C#
62,riseshia/cal4w,Ruby
62,lifoveBible/lifovebible,HTML
62,kosslab-kr/Dumbledore,JavaScript
62,junhobaik/codedu,JavaScript
62,connect-foundation/2019-14,JavaScript
62,casker-pokbab/portfolio,CSS
62,boostcampth/boostcamp3_H,Java
62,bin456789/Unblock163MusicClient-Xposed,Java
62,antop-dev/kotlin-msa,Kotlin
62,JoleneOL/market-manage,Java
61,webrsb/aoetw,Vue
61,papaolabs/papao-server,Java
61,opencloset/OpenCloset-Schema,Perl
61,huangshuwei/vue-easytable,JavaScript
61,ginuerzh/gost,Go
61,gedoor/MyBookshelf,Java
61,f2e-journey/xueqianban,JavaScript
61,eight04/ComicCrawler,Python
61,degose/Bond,HTML
61,connect-foundation/2019-16,JavaScript
61,boostcampth/boostcamp3_F,Kotlin
61,alibaba/BizCharts,TypeScript
61,abc9070410/JComicDownloader,Java
61,ZHANITEST/Xaru,D
60,viosey/hexo-theme-material,CSS
60,riseshia/Bonghwa,Ruby
60,pythonkr/pyconkr-web,TypeScript
60,monkey-wenjun/awen.github.io,HTML
60,karateboy/tights,JavaScript
60,houtianze/bypy,Python
60,bakedpiig/Altar,C#
60,bailicangdu/vue2-elm,Vue
60,Taiwanese-Corpus/internet_corpus,Python
60,PlayHolic/PlayHolic_Android,Kotlin
59,wwh-techcamp-2018/team4-unnies,JavaScript
59,swsnu/swppfall2018,HTML
59,red-uniforms/mature-soccer,HTML
59,parti-coop/demosx-buttercon,Java
59,ludonow/ludo-beta-react,JavaScript
59,looly/hutool,Java
59,g0v/councilor-voter-guide,HTML
59,feilongfl/Cimoc,Java
59,ecomfe/echarts-for-weixin,JavaScript
59,alibaba/dubbo,Java
59,alibaba/canal,Java
59,Wechat-Group/WxJava,Java
59,HwaYo/parrot,JavaScript
58,k0204/LuaIde,TypeScript
58,guanzhi/GmSSL,C
58,feelscoder/feelscoder.github.io,HTML
58,bingoogolapple/BGAQRCode-Android,C
58,HanRiverMeetup/HanRiverMeetup-android,Java
57,zhongyang219/TrafficMonitor,C++
57,woowahan-crews/miniprojects-2019,Java
57,slimkit/plus,PHP
57,miaowm5/comment,JavaScript
57,joostory/tistory-editor,JavaScript
57,gsdios/SDCycleScrollView,Objective-C
57,ex-em/EVUI,Vue
57,enaenen/ThingBee_Andorid,Smali
57,boostcampth/boostcamp3_E,Java
57,analysys/EasyScheduler,Java
57,YoKeyword/Fragmentation,Java
57,NervJS/taro-ui,TypeScript
56,zhihu/Matisse,Java
56,yansongda/pay,PHP
56,willysunny/emSys,Visual Basic
56,shadowsocks/shadowsocks-libev,C
56,shadowsocks/shadowsocks-go,Go
56,phy31c3/JMata,Java
56,oh-bear/2life,HTML
56,jdsjlzx/LRecyclerView,Java
56,icindy/wxParse,JavaScript
56,getgridea/gridea,CSS
56,bang590/JSPatch,Objective-C
56,MonospaceTW/goodfood,Vue
56,LambdaInnovation/AcademyCraft,Java
56,AngelChou/RecordsApp,Swift
55,ustbhuangyi/better-scroll,TypeScript
55,testerSunshine/12306,Python
55,soomtong/blititor,JavaScript
55,snucse/snucse,JavaScript
55,pythonkr/pyconkr-2015,Python
55,neolord0/hwplib,HTML
55,kuturogi99with99jazz/java-leaning-project,Java
55,jpush/aurora-imui,Java
55,fex-team/fis,PHP
55,connect-foundation/2019-18,TypeScript
55,TheOpenCloudEngine/uEngine-cloud,JavaScript
55,TalkingData/fsd,CSS
55,JaxsonWang/WP-Editor.md,JavaScript
54,youseries/ureport,Java
54,polmki123/SONMAT_WEB,HTML
54,mash-up-kr/Thing-BackEnd,Java
54,longitachi/ZLPhotoBrowser,Objective-C
54,lazypic/web,HTML
54,kbengine/kbengine,C
54,jianghejie/XRecyclerView,Java
54,ihoneymon/translate-spring-boot-reference,HTML
54,if-Team/PMMP-Plugins,PHP
54,iawia002/annie,Go
54,RubyLouvre/jsbook,JavaScript
54,ProjectInTheClass/JaegoJaego,Swift
54,NHNNEXT/2015-03-DEVWEB-UNDEFINED,JavaScript
54,MinSikMoon/links,HTML
53,xyxiao001/vue-cropper,Vue
53,visualfc/liteide,C++
53,thinkjs/thinkjs,JavaScript
53,teaey/spring-boot-starter-dubbo,Java
53,sendya/ant-design-pro-vue,Vue
53,noriyuki-wada/test,HTML
53,michaelguan/michaelguan.github.io,HTML
53,kookmin-sw/2018-cap1-7,C
53,ifyouseewendy/duoduo,Ruby
53,dueeeke/dkplayer,Java
53,PinkWink/DataScience,Jupyter Notebook
53,OsmHackTW/Geomancer,Java
53,JeffreySu/WeiXinMPSDK,C#
52,woowa-turkey/miniprojects-2019,Java
52,wisnuc/appifi,JavaScript
52,wequick/Small,Java
52,tufu9441/maupassant-hexo,CSS
52,snack-news/Snack-FE,TypeScript
52,sibbay-ai/medical,Jupyter Notebook
52,pyj9293/iothome,Python
52,konlpy/konlpy,Python
52,kimhye1/works_movie,Objective-C
52,juijs/jui-chart,JavaScript
52,easy-mock/easy-mock,JavaScript
52,bee-fe/FE-Weekly,HTML
52,YooDonggyu/kosta179-final-studit,Java
52,EC-CUBE/ec-cube,PHP
51,xiaolin3303/wx-charts,JavaScript
51,wwh-techcamp-2018/team8-AOA2,Java
51,utilForever/DiscoveringTheModernCpp,C++
51,suzukimilanpaak/Neuronal-Synchrony,JavaScript
51,sokcuri/TweetDeckPlayer,JavaScript
51,realkth/mood,Vue
51,mycolorway/simditor,JavaScript
51,lanshan-studio/wecqupt,JavaScript
51,ladesign/ladesign.github.io,JavaScript
51,derrickshowers/recommend-it,Swift
51,consenlabs/token-profile,TypeScript
51,alibaba/otter,Java
51,Meituan-Dianping/walle,Java
51,5xRuby/daikichi,Ruby
50,yipianfengye/android-zxingLibrary,Java
50,shadowsocks/shadowsocks-qt5,C++
50,samsungint/manual,HTML
50,ninolin/line-EIP,PHP
50,microsoft/vscode,TypeScript
50,mash-up-kr/9tique-android,Java
50,kkw10/blog,JavaScript
50,jongpak/prob-framework,PHP
50,javascript-tutorial/ko.javascript.info,HTML
50,hyb1996/Auto.js,Java
50,choosunsick/Korea_Stocks,Python
50,cdhigh/KindleEar,Python
50,URL-CHOP/Chop-Api,Java
50,LitePalFramework/LitePal,Java
50,DahyeonL/Love-Hatred,C#
49,wizTurn/Android-SDK,HTML
49,hangpark/kaistusc,Python
49,cisen/blog,HTML
49,Jasonchenlijian/FastBle,Java
49,FEDevelopers/tech.description,CSS
49,Curzibn/Luban,Java
49,CNU-ANT/ANT-Cave,Python
48,yanzhenjie/AndPermission,Java
48,weibocom/motan,Java
48,waynecz/dadda-translate-crx,JavaScript
48,vuejs/vue-cli,JavaScript
48,vlaksuga/chinyoung,PHP
48,ossrs/srs,C++
48,inter6/smtp-sender,Java
48,helei112g/payment,PHP
48,googol4u/googol4u.github.io,CSS
48,boostcampth/boostcamp3_C,Kotlin
48,asLody/VirtualApp,Java
48,alibaba/freeline,Java
48,abel533/Mapper,Java
48,WizardFactory/BlogSyncer,JavaScript
48,Terminus2049/Terminus2049.github.io,CSS
48,ModernPUG/modernpug.org,PHP
48,JeesooHa/8team,Java
48,HangPark/KAIST-USC,Python
48,AlexLiuSheng/CheckVersionLib,Java
47,xpressengine/plugin-comment,PHP
47,waic/wcag21,HTML
47,swearitagain/EduCnblogs2.0,HTML
47,spring-sprout/osoon,JavaScript
47,scouter-contrib/scouter-paper,JavaScript
47,rgkjhshi/rgkjhshi.github.io,JavaScript
47,pandolia/qqbot,Python
47,komeiji-satori/Dress,Standard ML
47,karateboy/DataLogger,JavaScript
47,hufslion/hufslion.github.io,CSS
47,hrkim28/TCT,Java
47,howlingproject/libqa,JavaScript
47,firekylin/firekylin,TypeScript
47,fastcampus-HOOMI/iOS-HOOMI,Objective-C
47,code4craft/webmagic,Java
47,alibaba/ARouter,Java
47,ElemeFE/vue-amap,JavaScript
47,BYVoid/OpenCC,C++
47,75team/firekylin,TypeScript
47,15838028035/bsweb,Java
46,wtysos11/NoteBook,Python
46,steedos/mini-vip,CSS
46,shadowsocks/shadowsocks-iOS,Objective-C
46,littleflute/cchess,JavaScript
46,listen1/listen1_chrome_extension,JavaScript
46,leanote/desktop-app,JavaScript
46,huanghaibin-dev/CalendarView,Java
46,hawkkim/irk-opr-helper,JavaScript
46,databute/databuter,Java
46,connect-foundation/2019-10,TypeScript
46,blinkfox/blinkfox.github.io,HTML
46,TeamSOC/SOCEngine,C++
46,Soyeon1128/Foolog,CSS
46,Rokid/docs,C
46,PLAY-LAB/sky-cherry,Vue
46,LiXizhi/ParaCraft,Batchfile
46,Coding/WebIDE,Shell
45,victoryw/learn-base,Shell
45,umiringo/Dunkleosteus,C#
45,trunk-studio/Trademuch,JavaScript
45,ssy341/datatables-cn,HTML
45,pythonkr/pyconkr-2017,Python
45,programthink/zhao,Python
45,otarim/koa-captcha,JavaScript
45,otarim/hash.route,JavaScript
45,linlinjava/litemall,Java
45,lihongxun945/jquery-weui,JavaScript
45,isuperqiang/isuperqiang.github.io,HTML
45,gogits/gogs,Go
45,dcloudio/mui,JavaScript
45,coldmine/lv,Go
45,chang12/django-todo,HTML
45,angular/angular-cn,HTML
45,UCAS-IPA/IPA-discuss,MATLAB
45,SparxoOpenSource/Glood-ReactNative,JavaScript
45,NHNNEXT/2016-01-HUDI-iOS-HUB,Objective-C
45,NHNNEXT/2015-01-HUDIWEB-MARCH4,Java
45,CodersHigh/WebSite,HTML
45,ArcherHuang/AC,JavaScript
44,yzhang921/CBoard,TSQL
44,yangchaojiang/yjPlay,C
44,xiaoyanger0825/NiceVieoPlayer,Java
44,what-ive-done/Kiita,Ruby
44,weilanwl/ColorUI,Vue
44,ssseasonnn/RxDownload,Kotlin
44,pulipulichen/PACOR,JavaScript
44,pengqiangsheng/hexo,CSS
44,nutzam/nutz,Java
44,mobile-command-center/SupplyDepot,HTML
44,mcc108/wecqupt,JavaScript
44,lmk123/crx-selection-translate,HTML
44,l10n-tw/designing-with-libreoffice,Shell
44,kaola-fed/megalo,JavaScript
44,hzuapps/android-labs,Java
44,godlife00/godlife00.github.io,CSS
44,feedget/feedget-backend,Java
44,daumcorp/DaumEditor,JavaScript
44,creeper00/Downside_Life,C#
44,Trumeet/MiPushFramework,Java
44,Hentioe/policr,Crystal
44,Hanyang-QuadJ/Enhance-Front,JavaScript
44,ElemeFE/mint-ui,Vue
44,BuddyRobots/BabyPlan,Ruby
44,17070047/CodeStructureCourse,C++
43,yangjie10930/EpMedia,C
43,xfrnk2/1d1c,Python
43,wangmchn/WMPageController,Objective-C
43,thinkgem/jeesite,JavaScript
43,sdevtalks/event,Ruby
43,nlp-research/biaffineparser,Python
43,moztw/www.moztw.org,JavaScript
43,juijs/store.jui.io,JavaScript
43,jongpak/prob-board,PHP
43,gzu-liyujiang/AndroidPicker,Java
43,femiwiki/mediawiki,PHP
43,cytle/wechat_web_devtools,HTML
43,connect-foundation/2019-01,JavaScript
43,boostcampth/boostcamp3_A,Java
43,algorithm004-03/algorithm004-03,Java
43,NimaQu/ss-panel-v3-mod_Uim,Smarty
43,NHNNEXT/2017-01-HUDI-MAC-CHAR,Java
43,MOPCON/MOPCON,Hack
43,CoderMJLee/MJExtension,Objective-C
43,Advanced-Frontend/Daily-Interview-Question,JavaScript
42,the1812/Bilibili-Evolved,JavaScript
42,swoole/swoole-src,C++
42,shwenzhang/AndResGuard,Java
42,shadowsocks/luci-app-shadowsocks,Shell
42,newyjp/JPVideoPlayer,Objective-C
42,librewiki/liberty-engine,JavaScript
42,karmapa/AdarshaIos,JavaScript
42,hzuapps/java-web,Java
42,g0v/summit.g0v.tw,HTML
42,capstone-dev/dog-walker-server,JavaScript
42,buginux/WeChatRedEnvelop,Objective-C
42,billyhwd/CMWiki,HTML
42,aliyun/oss-browser,JavaScript
42,alibaba/AndFix,C++
42,NHNNEXT/2015-01-HUDIWEB-CHOCOBANANA,JavaScript
42,Jiyunn/DangGi,Java
42,HYEOK999/TIL,JavaScript
42,GangZhuo/BaiduPCS,Roff
42,FreeCodeCampChina/freecodecamp.cn,CSS
42,0verseas/0verSchool,JavaScript
41,zlkbdotnet/zfaka,HTML
41,xpressengine/plugin-ckeditor,HTML
41,wush978/DataScienceAndR,HTML
41,ukui/hacking-test,C++
41,sotetsuk/procon-study-group,Java
41,sentsin/layui,JavaScript
41,mescroll/mescroll,Vue
41,ltaoo/reading,JavaScript
41,letsplayants/Ants-Auto-Trading-Bot,Python
41,leejun6694/HomeBase,Swift
41,knightliao/disconf,Java
41,jungilhan/awesome-blogs-android,Java
41,jpush/jpush-phonegap-plugin,JavaScript
41,hzuapps/html5-2018,CSS
41,hollykunge/LarkServer,Java
41,connect-foundation/2019-13,JavaScript
41,benneykwag/eui,JavaScript
41,antvis/f2,JavaScript
41,alibaba/nacos,Java
41,algorithm-study-of-GN/problem-of-coding-interview,Java
41,akof1314/Wiz.Editor.md,JavaScript
41,YAPP13-4/semi-basement,JavaScript
41,SeriaWei/ZKEACMS.Core,TSQL
41,NetchX/Netch,C#
41,BestACE/fed,JavaScript
41,2016-yeung-jin-cpa/kr.ac.yeungjin.2cpa.java4,Java
40,yorkie/react-native-wechat,Objective-C
40,yanue/V2rayU,Swift
40,syun77/FlixelGames,Haxe
40,sunkaixuan/SqlSugar,C#
40,soohan-jang/wos_intern_project,Objective-C
40,shadowsocks/openwrt-shadowsocks,Makefile
40,ronggang/transmission-web-control,CSS
40,ramboclouds/xe-something,CSS
40,phy31c3/Kotlmata,Kotlin
40,perfect-matching/perfectmatching-frontend,Vue
40,papaolabs/papao-ios,Swift
40,njyuanlang/ebike,CSS
40,ng-alain/ng-alain,TypeScript
40,minomi/DreamRecorder,Swift
40,kookmin-sw/2018-cap1-10,Java
40,kiworkshop/Pascal,Vue
40,huangyanbin/smartTable,Java
40,dong031001/EnigTech2,ZenScript
40,cyfdecyf/cow,Go
40,connect-foundation/2019-21,JavaScript
40,brookhong/Surfingkeys,JavaScript
40,alibaba/arthas,Java
40,aLittleLittleStar/aLittleLittleStar.github.io,HTML
40,SenseTW/sensetw,TypeScript
40,PARKMIHE/AICOCO,Jupyter Notebook
40,Nexters/TickTock-android,Kotlin
40,MoePlayer/DPlayer,JavaScript
40,JakduK/jakduk-api,Java
40,EXPNUNI/enuSpace-Article,JavaScript
40,CirnoV/KanColleViewer,C#
40,0verseas/0verStudent,JavaScript
39,youfou/wxpy,Python
39,yangshun1029/aria2gui,Objective-C
39,weui/weui,CSS
39,team-meteor/Alala-Client,Swift
39,sysout-achieve/TIL_repo,Java
39,snowdreams1006/snowdreams1006.github.io,HTML
39,smart-signature/smart-signature-future,Vue
39,mycncart/mycncart,PHP
39,koolshare/ledesoft,ASP
39,izuzero/xe-module-timeline,PHP
39,drcoms/drcom-generic,Python
39,Weibozzz/Weibozzz.github.io,HTML
39,WangNingkai/OLAINDEX,PHP
39,PaddlePaddle/models,Python
39,MonospaceTW/monosparta-diving-server,PHP
39,LeaVerou/animatable,HTML
39,Bilibili/flv.js,JavaScript
39,100apps/openshare,Objective-C
38,younggeun0/1949,Java
38,xncbf/authome,HTML
38,wwh-techcamp-2018/team3-wannaGoHome,Java
38,woowahan-rescue9/miniprojects-2019,Java
38,wepyjs/wepy,JavaScript
38,watchout-tw/blog.citizenedu.tw,JavaScript
38,warriorWorld/MangaReader,Java
38,uhyo/jinrou,CoffeeScript
38,tencentyun/TIMSDK,JavaScript
38,sticket-studio/sticket-android,Java
38,sorrycc/roadhog,JavaScript
38,remaxjs/remax,JavaScript
38,onebone/EconomyS,PHP
38,karateboy/AQM,JavaScript
38,javamonkey/beetl2.0,Java
38,hhyo/Archery,Python
38,fezaoduke/fe-practice-hard,HTML
38,fancymax/12306ForMac,Swift
38,eunsoogi/tos-addons,Lua
38,chaeleee/NewYearLiterature,JavaScript
38,beadss/jpa-study,Java
38,ali-sdk/ali-oss,JavaScript
38,Tencent/xLua,C
38,TalkingData/iview-weapp,CSS
38,ProjectInTheClass/SaveDonDon,Swift
38,LunaChevalierGroup/elementProgram,Java
38,Jrohy/multi-v2ray,Python
38,HeechanYang/Algoithm-Study-2,Java
38,Colafornia/little-robot,JavaScript
37,zythum/mama2,JavaScript
37,wwh-techcamp-2018/team7-WoowaSmell,CSS
37,taeiim/Android-Study,Java
37,rwv/chinese-dos-games,Python
37,python-study-ko/everypython_weblog,JavaScript
37,mnisdh/Talenting,Java
37,mindpin/briefing,CSS
37,lovit/soynlp,Python
37,jeaimetu/dwitter,HTML
37,iam312/yogy,Ruby
37,i3thuan5/tai5-uan5_gian5-gi2_kang1-ku7,Python
37,halo-dev/halo,Java
37,guanhui07/blog,C
37,getHighTech/beatshop,JavaScript
37,dataitgirls2/m3,Jupyter Notebook
37,conkan/conkan_program,Perl
37,cnlh/nps,Go
37,changsanjiang/SJVideoPlayer,Objective-C
37,baecheese/eungjing,Python
37,azxca1731/react-calenpicker,JavaScript
37,ahonn/hexo-theme-even,CSS
37,acgotaku/115,JavaScript
37,YJeongKim/murmul-er_app,Java
37,NHNNEXT/2015-03-iOS-PatchWork,Objective-C
37,Mrs4s/BaiduPanDownload,C#
37,MOxFIVE/hexo-theme-yelee,CSS
37,JiYouMCC/zamsub,JavaScript
37,HIT-SCIR/pyltp,C++
36,yapp-project/Toonie,Swift
36,yanzhenjie/Album,Java
36,uku/Unblock-Youku,JavaScript
36,summernote/summernote,JavaScript
36,shd101wyy/markdown-preview-enhanced,HTML
36,pulipulichen/voc4fun-client,CSS
36,neolee/pilot,Jupyter Notebook
36,nanshan-high-school/staff-solutions,C++
36,minseo-jung/study-c,C
36,microstack/front,JavaScript
36,lsy0314/sintoburi,PHP
36,listen1/listen1_desktop,JavaScript
36,kosslab-kr/Titanium-BrandNew,JavaScript
36,kookmin-sw/2018-cap1-9,CSS
36,kakao/DaumEditor,JavaScript
36,juice-ryang/online-judge,Python
36,javajigi/slipp,Scala
36,ironside2001/Alchemy-Planet2,C#
36,interactord/Restagram,Swift
36,gyf-dev/ImmersionBar,Java
36,flike/kingshard,Go
36,fi3ework/hexo-theme-archer,CSS
36,experdb/eXperDB-Monitoring,Visual Basic .NET
36,disjukr/yaksok.js,TypeScript
36,dely2p/swift-vendingmachineapp,Swift
36,daolcms/daol-core,PHP
36,connect-foundation/2019-02,JavaScript
36,cnpm/cnpmjs.org,JavaScript
36,boostcamp3-iOS/team-a2,Swift
36,begeekmyfriend/yasea,C
36,alibaba/vlayout,Java
36,Tencent/ncnn,C++
36,SNUGDC/Deathwish,C#
36,PPHubApp/PPHub-Feedback,Swift
36,Nexters/team-builder-server,Java
36,LiuLang/bcloud,Python
36,LevisLv/blog,HTML
36,Kiroong/IDAC,HTML
36,I-Think-Not/I-Think-Not,Java
36,Gaia3D/GeoServerForKaosG,Java
36,CodisLabs/codis,Go
36,CJT2325/CameraView,Java
36,CFPAOrg/cfpaorg.github.io,HTML
35,xe-public/xe-module-ncenterlite,PHP
35,wildfirechat/android-chat,Java
35,swm-fp/Flower-Chrome-Extension,JavaScript
35,ssky10/go100,JavaScript
35,snailzzang/bookocr,HTML
35,sjqzhang/go-fastdfs,Go
35,shen100/golang123,JavaScript
35,scutan90/DeepLearning-500-questions,JavaScript
35,s-owl/skhu-app,JavaScript
35,ruanyf/es6tutorial,JavaScript
35,rogeraabbccdd/bquiz01,PHP
35,ppoffice/hexo-theme-icarus,JavaScript
35,php79/stack,Shell
35,mozillazg/python-pinyin,Python
35,mcxiaoke/packer-ng-plugin,Java
35,lyh543/lyh543.github.io,HTML
35,logoove/weui,JavaScript
35,libzhuyin/ibus-libzhuyin,C++
35,ksvc/KSYMediaPlayer_Android,Java
35,jp-textbook/jp-textbook.github.io,HTML
35,joeseonmi/SOS,Swift
35,jinios/mart-holiday-app,Swift
35,forkingdog/UITableView-FDTemplateLayoutCell,Objective-C
35,didi/chameleon,JavaScript
35,depromeet/im-off,Java
35,cra16/cake-core,JavaScript
35,cosven/FeelUOwn,Python
35,blocklang/blocklang.com,Java
35,bjrambo/rx-iconshop,CSS
35,baifendian/Sirius,JavaScript
35,baecheese/ForPpu,Swift
35,aui/artTemplate,JavaScript
35,alibaba/anyproxy,JavaScript
35,Tencent/mars,C++
35,PBLThrough/Through,Java
35,OctopusLian/octopuslian.github.io,HTML
35,MediaTek-Labs/BlocklyDuino-for-LinkIt,JavaScript
35,Kisesy/gscan_quic,Go
35,Hanyang-QuadJ/FashionPo-Front-Ionic,TypeScript
35,GESCC/danchu,Java
35,Dmans/diagonalley-bg-store-system,PHP
35,DaidoujiChen/Dai-Hentai,Objective-C
35,1-sunshine/miniprojects-2019,Java
34,youngEmployeeProject/researchZenHubProject,Java
34,wwh-techcamp-2018/team6-SeeYouAtSeptember,JavaScript
34,wufeifei/cobra,Python
34,wangduanduan/wangduanduan.github.io,JavaScript
34,tuntunkimpo/jeju19,Python
34,slimkit/plus-component-h5,Vue
34,rime/librime,C++
34,rickytan/RTRootNavigationController,Objective-C
34,ohdoking/FloatingApp,Java
34,naver/nlp-challenge,Python
34,nashaofu/dingtalk,JavaScript
34,mash-up-kr/luvket,TypeScript
34,mash-up-kr/Pream-iOS,Swift
34,leancloud/ChatKit-OC,Objective-C
34,kwanghoon/MySmallBasic,JavaScript
34,kswgit/shyA-front,JavaScript
34,joeuninsrnd/bxr_plover,C
34,hotoo/pinyin,JavaScript
34,gxvv/ex-baiduyunpan,JavaScript
34,faci-df/deepFlowers,Java
34,ettoolong/BBSFox-E10S,JavaScript
34,ddolsoon/KHU_Algorithm_Study,C++
34,dasom-im/dasom,C
34,connect-foundation/2019-19,JavaScript
34,beta/homework,JavaScript
34,becxer/wikilite,JavaScript
34,bailicangdu/node-elm,JavaScript
34,arm10c/linux-stable,C
34,JonghyeokPark/SWE3003,Python
34,FinalTeam/RxGalleryFinal,Java
34,18-2-SKKU-OSS/2018-2-OSS-L6,Python
33,zoloypzuo/ZeloEngine,C++
33,zhengwenming/WMPlayer,Objective-C
33,zhblue/hustoj,JavaScript
33,zhakul/hello-shop,PHP
33,yanzhenjie/SwipeRecyclerView,Java
33,xuelongqy/flutter_easyrefresh,Dart
33,wysaid/android-gpuimage-plus,C++
33,vuejs/vue-router,JavaScript
33,ui-llwell/w3b-s6m-cbec,JavaScript
33,sinaweibosdk/weibo_ios_sdk,HTML
33,sih4sing5hong5/tai5-uan5_gian5-gi2_phing5-tai5,Python
33,ronggang/PT-Plugin-Plus,TypeScript
33,ricequant/rqalpha,Python
33,rainx/pytdx,Python
33,qiuxiang/react-native-baidumap-sdk,Kotlin
33,professor-lol/professor-lol,HTML
