4048,deeseefromcd/CliWriter,PHP
1693,pascalabcnet/pascalabcnet,C#
1456,pavel-pimenov/flylinkdc-r5xx,C++
1401,TauCetiStation/TauCetiClassic,DM
1099,GolosChain/tolstoy,JavaScript
745,instantsoft/icms2,PHP
728,dimkanovikov/KITScenarist,C++
718,Students-of-the-city-of-Kostroma/Student-timetable,C#
711,swaponline/swap.react,JavaScript
627,infinitystation/Baystation12,DM
623,nextgis/nextgisweb_compulink,JavaScript
567,DrupalRu/drupal.ru,PHP
541,skbkontur/retail-ui,TypeScript
477,GoldenSoftwareLtd/gedemin,Pascal
449,LeagueOfDevelopers/EduHub,C#
407,nextgis/android_gisapp,Java
401,yupe/yupe,PHP
401,WoWruRU/classicdb_ruRU,TSQL
391,altocms/altocms,PHP
385,EvilBeaver/OneScript,C#
382,rdn1983/cardiology,C#
382,Tiendil/the-tale,Python
373,Pr-Mex/vanessa-automation,1C Enterprise
361,oknosoft/windowbuilder,JavaScript
357,joinrpg/joinrpg-net,C#
357,SthephanShinkufag/Dollchan-Extension-Tools,JavaScript
352,LeagueOfDevelopers/ItHappened,Java
346,silverbulleters/add,1C Enterprise
327,vknet/vk,C#
324,beqabeqa473/YoutubePlayer,C#
312,Jenyay/outwiker,Python
306,semantic-machines/veda,JavaScript
305,miranda-ng/miranda-ng,C
301,GolosChain/golos.io,JavaScript
298,xDrivenDevelopment/xUnitFor1C,1C Enterprise
289,freedomsex/freedomsex,JavaScript
283,ToxaBes/ADR-Spec-Ops,SQF
281,LeagueOfDevelopers/LodCore,C#
274,vtyulb/BSA-Analytics,C++
274,1c-syntax/bsl-language-server,Java
264,diadoc/diadocsdk-csharp,C#
263,oknosoft/flowcon,JavaScript
263,bylins/mud,C++
260,mindbox-moscow/ui-kit,TypeScript
250,ChaoticOnyx/OnyxBay,DM
249,acedened/TheChan.iOS,CSS
247,maxsite/cms,PHP
244,diadoc/diadocsdk-1c-docs,Python
237,OSLL/android_public_speech_trainer,Kotlin
236,rjhdby/motocitizen,Kotlin
232,SergeyKurmenev/elama-exam,Python
232,Algol12/CEV-Eris,DM
230,UGTU/UGTUKadrProject,C#
229,the-tale/the-tale,Python
227,OpenCorpora/opencorpora,PHP
225,livestreet/livestreet,PHP
223,thewizardplusplus/wizard-diary,PHP
218,xDrivenDevelopment/1c-syntax,1C Enterprise
218,aurusov/raox,Java
217,Yamblz-Iceberg/iceberg-app,JavaScript
215,GolosChain/prism-service,JavaScript
214,TheArkStation/Ark-Station,DM
209,kreghek/Zilon_Roguelike,C#
208,and-hom/wwmap,Go
208,Metrolog/Font.GOST2.304-81,TeX
207,skyarkhangel/Hardcore-SK,C#
207,KirillMaster/web-test,JavaScript
206,LaravelRUS/SleepingOwlAdmin,PHP
203,lunavod/ponydays,PHP
202,nextgis/ngm_clink_monitoring,Java
197,nickkolok/chas-ege,JavaScript
197,Tour-360/tour-player,JavaScript
196,netology-code/git-homeworks-neuro-issues,HTML
192,pulsarvp/vps-tools,PHP
190,InfoWings/Knowledge-Net,Kotlin
189,ihteandr/Public,JavaScript
186,realtim/mmb,Java
185,Niklan/Dru.io,CSS
183,SomeOneUnknown/SATGv2,SQF
182,ik6cgsg/3-Days-of-Vanished-Realm,C#
182,cmsworksru/cot-freelance,PHP
180,Omeljusik/teenjob_development,PHP
179,pozitronik/CloudMailRu,Pascal
178,codex-team/codex.edu,PHP
177,thewizardplusplus/micro,Python
174,GammaStation/Gamma-Station,DM
171,nextgis/nextgisweb,JavaScript
167,LeagueOfDevelopers/Imaginarium,C#
164,oknosoft/metadata.js,JavaScript
162,Teplitsa/Leyka,PHP
161,BladeMight/Mahou,C#
159,wladich/nakarte,JavaScript
159,silverbulleters/vanessa-runner,1C Enterprise
159,Prifiz/NC_SSAU_2015_16,Java
157,hexlet-codebattle/codebattle,Elixir
157,diglabby/doika,PHP
157,causer/tmk,JavaScript
157,amokb/medos,Java
157,Flexberry/ember-flexberry-designer,JavaScript
157,AlexandrRomanychev/SocialNetwork,JavaScript
151,lanit-tercom-school/analyzeme,JavaScript
151,Vachok/Java_Lessons,Java
146,tebaly/freedomsex,JavaScript
146,VKCOM/vk-ios-sdk,Objective-C
143,lessonhome/lessonhome,CoffeeScript
143,Sasha7b9/S8-54,C
141,zenden2k/image-uploader,C++
137,uz0/chatter.io,JavaScript
137,superbatonchik/EduFormManager,C#
137,8ofproject/2ch-Browser-iOS,Objective-C
136,uz0/pick.gg,JavaScript
136,RisaMagpie/Data-Analysis,Jupyter Notebook
136,LeagueOfDevelopers/LodFrontend,HTML
135,gewisser/lk.paceco.online,JavaScript
135,GolosChain/golos-android,Kotlin
132,romannep/nsp2,JavaScript
131,gotois/ProstoDiary_bot,JavaScript
131,BlizD/Tasks,1C Enterprise
130,InformaticsMskRu/informatics-mccme-ru,Python
129,Endless-Horizon/CEV-Eris,DM
128,tretyakovsa/Sonoff_WiFi_switch,HTML
127,wpcraft-ru/wooms,PHP
126,vgulaev/TAM,HTML
126,prosvita/QIRIMTATARTILI,JavaScript
126,aurusov/rdo-xtext,Java
125,lexek/chat,Java
123,glokzs/lombard_crm,Python
123,dram1008/capitalov,HTML
123,Rampoch/Chaotic-Onyx,DM
122,cursedseal/VCoinX,JavaScript
122,animusdev/whiTGreen,DM
122,VKCOM/vk-android-sdk,Kotlin
122,Maxx53/SCMBot,C#
121,z3APA3A/3proxy,C
121,evolution-cms/evolution,PHP
121,esdp-2016-Team3/StepToUniverse,Ruby
121,GolosChain/golos,C++
119,flant/dapp,Go
119,animusdev/Old-World-Blue,DM
118,UGTU/Old-School,Pascal
117,oscript-library/gitsync,1C Enterprise
117,gsbelarus/gdmn,TypeScript
117,AdguardTeam/AdguardFilters,Python
116,ruRust/rustycrate.ru,HTML
116,galushin/Ural,C++
116,MailRuChamps/miniaicups,C++
115,web-standards-ru/podcast,HTML
115,dmi3yy/modx.evo.custom,PHP
114,almaty-attractor-js-first/esdp_js_01,JavaScript
114,Feas2016/Russian-Universalis,Lua
113,VkOpt/VkOpt,JavaScript
113,DronMDF/zold-lazy-node,Python
112,uz0/hexcraft,JavaScript
112,shri-team5/pepo,JavaScript
112,orchidsoftware/platform,PHP
111,oldmadjackal/DarkMed,PHP
111,VsevolodTrofimov/P-app,HTML
111,GolosChain/golos-ios,Swift
111,Findoss/Duel,JavaScript
110,robot-lab/judyst-main-web-service,Python
110,lord-server/lord,Lua
110,VKCOM/VKUI,TypeScript
109,thewizardplusplus/wizard-budget,Java
109,dacom-dark-sun/mapala,JavaScript
108,LeagueOfDevelopers/Movie-Extended,Java
107,eks1985/quick-order,JavaScript
107,eigenmethod/mol,TypeScript
107,alex-kukhtin/A2v10,JavaScript
107,aikolesnikov/jv-blinov,Java
107,LeagueOfDevelopers/ActivityAggregator,JavaScript
106,mmcsIT2015/OptimizedCompilersProject,C#
106,intrahouseio/intraHouse-Cherry,Shell
106,codex-team/codex.editor,TypeScript
106,AndreyAkinshin/Russian-Phd-LaTeX-Dissertation-Template,TeX
104,ozgg/Sovia,Ruby
104,TheDrHax/mosmetro-android,Java
104,MantisReligiosa/Display-control,C#
103,yandex-shri-minsk-2016/yummy-time,JavaScript
103,ArtemNiNo/artemnino.github.io,JavaScript
102,answeropedia/answeropedia.org,PHP
102,STC12-team/BookSharingProject,Java
101,gjrfytn/pk,C#
101,epexa/forestspace.eu,HTML
100,prog-it/Asterisk-CDR-Viewer-Mod,PHP
99,dzantiev/element,Vue
99,PNKBizz/vue-yandex-map,JavaScript
98,ehealth-ua/api-spec,API Blueprint
97,TEHGAM/ADR,SQF
97,DoctorGester/crumbling-island-arena,Lua
96,jphp-compiler/develnext,PHP
96,iconnect-by/markup,HTML
96,codex-team/codex,PHP
95,pogromistik/Gymkhana,PHP
95,byaka/VombatiDB,Python
95,MoonSHRD/desktop_client,TypeScript
95,Elmina241/dhp,TSQL
95,AgelxNash/DocLister,JavaScript
94,tuffnatty/suddenly,Forth
94,bmstu-iu9/simple-refal,C++
94,OSLL/mooc-lp-statistics,JavaScript
94,Himura2la/FestEngine,Python
93,yegorf1/RogueBot,Python
93,sedovalx/taxi,Scala
93,DronMDF/doors,C++
92,nextgis/mobile.forestviolate.inspector,Java
92,Kseniya5/HOMEWORK,CSS
92,ITBlackwood/ATMTA-Station,DM
91,urfu-2016/team5,JavaScript
91,negezor/vk-io,TypeScript
91,mrDoctorWho/vk4xmpp,Python
91,Nashev/TextBrain,HTML
91,EvilBeaver/oscript-library,1C Enterprise
90,typograf/typograf,JavaScript
90,lanit-tercom-school/grouplock,Swift
90,itislab/CoreSampleAnnotation,C#
90,binidini/binidini,JavaScript
90,active-programming/mycityselector,PHP
90,TrustyFund/trusty-ui-vue,Vue
90,TheMrButcher/offline-mentor,C++
90,SB-MaterialAdmin/Web,PHP
90,CSSSR/csssr-project-template,JavaScript
89,Automiq/alpha.protort,C++
88,trikset/trik-studio,C++
88,rekcuFniarB/forum-theprodigy-ru,PHP
88,malikzh/suncl,C++
88,YashinaS/statisticswebirbis,Pascal
87,tars/tars,JavaScript
87,op-hui/mu2ch,Python
87,MonkAlex/MangaReader,C#
87,DotNetRu/App,C#
87,AvaCity/avacity-2.0,Python
86,michaellukashov/Far-NetBox,C
85,redveronika/ya-mm-task,JavaScript
84,spb201/spb201.github.io,HTML
84,pongo/rapturebot,Python
83,twirpx/twirpx-com-public,C#
83,nextgis/mobile.forestviolate.user,Java
83,artbear/1bdd,1C Enterprise
83,SpyCheese/pesto-web,Python
83,K224/party_surfing,Ruby
82,tym32167/arma3beclient,C#
82,tlbootcamp/tlroadmap,JavaScript
82,frontend-park-mail-ru/2018_1_tarados-feroces,JavaScript
82,StockSharp/StockSharp,C#
82,Metrolog/marks,PostScript
81,secretdoctrine/Secret-Doctrine-site,Ruby
81,MarshalX/yandex-music-api,Python
80,navff/mhbb-back,C#
80,VsMoroz/tt-system-data,Java
80,PavelPisotskiy/CSharpCourseProject,C#
80,GravitLauncher/Launcher,Java
80,GigaMax007/JavaRush,Java
79,lanit-summer/orbit,JavaScript
79,kubikvest/api,PHP
79,henculus/blog,Vue
79,h-shvedko/Cards,Java
79,dosinabox/g2nr_unofficial_update,D
79,diglabby/Falanster-site,HTML
79,automagistre/automagistre,PHP
78,tech-team/decider-android,Java
78,stankin/oop-model,JavaScript
78,python273/vk_api,Python
78,olga-jane/prizm,C#
78,codex-team/hawk,JavaScript
78,Ivan-Zhukau/sc-web,JavaScript
78,IT61/it61-rails,Ruby
78,ESDP-15-5/student-crm,Ruby
77,stankin/oop,JavaScript
77,pmatveev/runcity-lcp-automation,Java
77,nicolaypetrovich/rocket-teploelement-met,CSS
77,livestreet/livestreet-framework,PHP
76,yiisoft/yii2,PHP
76,izvolov/burst,C++
76,constructor-igor/TechSugar,C#
76,agentlab/rdf-scheme-editor,JavaScript
76,LeagueOfDevelopers/VVKMusic,C#
75,yandex-shri-minsk-2016/foodhub,JavaScript
75,sunrise-r/interface-admin-ng,TypeScript
75,galushin/grabin,C++
75,bogdanovmn/translator,Java
75,ESDP2015-4/student-crm,Ruby
74,zuevval/braille,Python
74,oleg-milantiev/allsky.py,JavaScript
74,nextgis/formbuilder,C++
74,khasang/SOKOL,Java
74,LeagueOfDevelopers/ShyneeMobile,JavaScript
74,GloomlySeth/GOST,PHP
74,FoxyLinkIO/FoxyLink,1C Enterprise
74,Dmitriy83/ShoppingList,Java
73,yandex-ui/noscript,JavaScript
73,uonline/uonline,CoffeeScript
73,totumonline/totum-mit,PHP
73,shtrih-m/javapos_shtrih,Java
73,byaka/flaskJSONRPCServer,Python
73,IngvarJackal/FurView2,Java
73,Fanamurov/larrock-core,PHP
72,sunafajro/ls-backend,PHP
72,dmpas/tool1cd,C++
72,CRM-system/crm,Ruby
71,uonline/universe,TeX
71,nicolaypetrovich/rocket-nationsorg,JavaScript
71,deeprefactoring/deeprefactoring.github.io,HTML
71,GolosMovement/StatElectGenerator,C#
71,Damakshn/DependencyMap,Python
71,AngryGantz/cms-cookbook,PHP
70,shriming/chat,JavaScript
70,fenom-template/fenom,PHP
70,FantLab/FantLab-Go,Go
70,ESDPgroup3/tengri_social,HTML
69,urfu-2017/team3,JavaScript
69,oscript-library/opm,1C Enterprise
69,lesswrong-ru/lesswrong-ru,PHP
69,falanster/devfalanster,PHP
69,dialogue-evaluation/factRuEval-2016,Python
69,bmstu-iu9/refal-5-lambda,C++
69,Konstantin86/Git-Hitcher,JavaScript
68,swaponline/swap.core,JavaScript
68,mgerasim/cryptoobmen,JavaScript
68,malinink/games,PHP
68,cadrspace/maintenance,TeX
68,LeagueOfDevelopers/T-PortFrontend,JavaScript
67,urfu-2017/team2,JavaScript
67,remnev/4w,JavaScript
67,nicolaypetrovich/rocket-avrial,CSS
67,fidals/shopelectro,Python
67,blckchnd/rudex-ui,JavaScript
67,Flexberry/ember-flexberry,JavaScript
67,Alenush/zhivoeslovo,CSS
66,zikkuratvk/joomlaforum,PHP
66,tiburon-research/vsc-xml-plugin,TypeScript
66,sat2707/hlcupdocs,Python
66,kromkrom/kreditiki,Python
66,elfmz/far2l,C
66,dru-io/Dru.io,CSS
66,TideSofDarK/PetriReborn,Lua
66,IgorPolyakov/TheHoneydew,Ruby
65,stalkerg/anime-pictures,HTML
65,nicothin/NTH-start-project,HTML
65,maxcom/lorsource,Java
65,SvichkarevAnatoly/myOCRAndroid,Java
65,Limych/GeniBase,PHP
65,KashaketCompany/DevelStudio-3.0-beta,PHP
65,ElvUI-WotLK/ElvUI,Lua
64,yar229/WebDavMailRuCloud,C#
64,visavi/rotor,PHP
64,stankin/oop-app,JavaScript
64,moira-alert/moira,Go
64,dle-modules/DLE-UniForm,PHP
64,TransportSystems2/Backend,C#
64,Raken85/allacouture.com,PHP
64,KirillPrikhodko/Training,C#
63,yandexmobile/yandexmapkit-android,Java
63,ufna/VaFogOfWar,C++
63,st-korn/KornToDoList,Go
63,shri-zoo/pepo,JavaScript
63,octoanswers/octo-site,PHP
63,geometryostis/geometry.ostis,HTML
63,bezumkin/miniShop2,PHP
63,The-OP/Fox,JavaScript
63,Pathologic/FormLister,PHP
63,Neomer/EveryPrice,JavaScript
63,LeagueOfDevelopers/ConsensusFrontend,JavaScript
63,GolosChain/golos-explorer,JavaScript
63,DavidArutiunian/magnit,TypeScript
63,BioWareRu/BioEngine,C#
63,Advance-Technologies-Foundation/bpmcli,C#
62,xDrivenDevelopment/precommit1c,1C Enterprise
62,shri-2015-org/666,JavaScript
62,ogamespec/psxdev,C
62,grihabor/garbage-clicker,Java
62,everypony/tabun,PHP
62,discocats/discocats.github.io,JavaScript
62,bcrypto/btok,TeX
61,nextgis/NextGIS_QGIS_open,C++
61,goodwinxp/Yorozuya,C++
61,fkn/ndo,JavaScript
61,finsight/QUIKSharp,C#
61,apbubnov/com_gm_ceiling,PHP
61,GeorgeSemenov/Freelance,JavaScript
61,Al-xandr1/DTNResearch,HTML
60,OpenStreetMap-Monitoring/OsMoDroid,Java
60,Goodluckhf/taskManager,TypeScript
60,1C-Company/GitConverter,1C Enterprise
59,yandex/ClickHouse,C++
59,serykhelena/wr8_2019,C
59,einerfreiheit/life_simulation,C++
59,digitalshop24/unity-dana,HTML
59,ViktorKuryshev/CRM,C#
59,T-REX-XP/SSDPFinder,PHP
59,ProjectSun/toop-project,C#
58,yandex/tomita-parser,C
58,urfu-2017/team4,TypeScript
58,retailcrm/opencart-module,PHP
58,hackatomsk2017-2048/black-hole-client,C#
58,griphon56/septic78,PHP
58,Waiviogit/waivio,JavaScript
58,VitaxaRusModding/CommunityProject,C#
58,PavelBlend/blender-xray,Python
57,samdark/yiiframework-ru,PHP
57,mrMasly/vision,Vue
57,khasang/Cachoeira,Java
57,kgv/rust_book_ru,CSS
57,YarGU-Demidov/math-site,CSS
57,PurpleI2P/i2pd,C++
57,Kristina1996/surv-shell,TypeScript
57,BicycleStudio/Ewe,C++
56,web-standards-ru/new,JavaScript
56,shri-2015-org/shrimp,JavaScript
56,minsk-hackerspace/hackerspace.by,Ruby
56,gribnoysup/react-yandex-maps,JavaScript
56,eiskaltdcpp/eiskaltdcpp,C++
56,contactless/homeui,JavaScript
56,amosov-f/hypernavi,Java
56,MechTeam/MechProject,C#
56,DronMDF/laweb,Python
56,AffectAge/Ages,ZenScript
56,1ceeeeee/VentCalc,C#
55,vseopro/vseopro,CSS
55,skvn/crud,PHP
55,Lavton/constellation,JavaScript
55,1cetoprosto/telegrammy_git_remote,1C Enterprise
54,vlkam/OpenLearningPlayer,C#
54,samstyle/Xpeccy,C
54,khasang/SmartForecast,Java
54,kenrube/Fantlab-client,Kotlin
54,Neraverin/2D-Roguelike,C#
54,MrBlackD/ScriptMaker,JavaScript
54,BahdanovichUladzimir/metrix,PHP
53,urfu-2015/team4,JavaScript
53,tonymadbrain/qna,Ruby
53,nextgis/nextgismobile_android,Kotlin
53,mathewsun/rentoolo.ru,C#
53,catindev/ms-admin,JavaScript
53,bo858585/AbstractBooking,Python
53,bmstu-iu9/utp2019-2-2d-game,JavaScript
53,LexaLukovka/partymakerFrontend,JavaScript
53,IstiN/smartphone,JavaScript
53,GolosChain/core-service,JavaScript
53,GeorgeBely/MonitoringMoney,Java
53,EvanRoda/SeaWar,JavaScript
52,urfu-2016/team3,JavaScript
52,oknosoft/windowbuilder-parametric,JavaScript
52,maxtat3/fmps,Java
52,kseniazhagorina/genotree,Python
52,jewalky/GZDoom-Builder-Bugfix,C#
52,javascript-tutorial/ru.javascript.info,HTML
52,edu-nc-spb/educ,Java
52,codex-team/codex.bot,Python
52,anodos-ru/catalog,Jupyter Notebook
52,TelegramBot/Api,PHP
52,Morfeusys/dusiassistant,CSS
52,GyGaByyyTe/gygabyyyte.github.io,HTML
52,ESDP-2-2016/ESDP-2-2016-version1,Ruby
51,ret-Phoenix/oscript-simple-gui,1C Enterprise
51,moevm/mse_voice_acting_of_activity_on_the_github,JavaScript
51,kmike/pymorphy2,Python
51,fedorovmichael/tickets,JavaScript
51,dotzero/amocrm-php,PHP
51,bdemeshev/probability_hse_exams,TeX
51,acanna/biblio,C++
51,SiriusSochi/front,JavaScript
51,Demonist/SpellDamage,Lua
51,AndreyLysenkov/LousySudoku,C#
50,xTCry/VCoin,JavaScript
50,werwolfby/monitorrent,Python
50,vooft/notsosmart,CSS
50,thewizardplusplus/wizard-basic-3,C
50,stdstring/OpticalMeasurements,C++
50,petr-kalinin/algoprog,CoffeeScript
50,nextgis/metro4all-ios,Objective-C
50,m20-sch57/strategy-trial,Python
50,m20-sch57/labyrinth,Python
50,lanit-summer/cleangames,Java
50,dukei/any-balance-providers,JavaScript
50,Swyatoslav/telebot,Python
50,QuiteRSS/quiterss,C++
50,KeyJ148/TOW,Java
50,GolosChain/facade-service,JavaScript
50,GataullinRR/TinyConfig,C#
50,Bukharovsi/curriculum,Java
50,Andareon/RayTracing,C++
49,uzyovoys/aggregate,JavaScript
49,spaut33/LAS,Python
49,pgcodekeeper/pgcodekeeper,Java
49,pepyatka/pepyatka-html,JavaScript
49,frontend-park-mail-ru/2017_2_ToP,JavaScript
49,cscenter/manugram,C++
49,SnakeskinTpl/Snakeskin,JavaScript
49,SGolenzovskiy/altrc,PHP
49,Alheor/food,PHP
49,0xck/diploma,Python
48,sat2707/aicups,C++
48,framework7io/framework7,JavaScript
48,achernykh/staminity-test-import-front,TypeScript
48,OpenWalletKG/OpenWallet,Ruby
47,yandex-shri-minsk-2016/lenka-dark-side,HTML
47,staticdreams/KinopubTV,Swift
47,novuscom/CMFBundle,PHP
47,nextgis/nextgismanager,C++
47,nextgis/docs_ngweb,Python
47,mixrich/news,JavaScript
47,gordeevso/FBReader,C++
47,dontsovcmc/waterius,C++
47,deniskoronchik/sc-web,JavaScript
47,bdemeshev/em_pset,TeX
47,alexandervolikov/sportiduino,C++
47,airwall/stackowf,Ruby
47,WLM1ke/PortfolioOptimizer,Python
47,Vehsamrak/game-dungeon,Go
47,ValdikSS/GoodbyeDPI,C
47,Pmmlabs/OpenPeriscope,JavaScript
47,Naranmandakh/transportbill,Java
47,Iriskin0/Chat-Wars-Bot,Python
47,Evgueni-Petrov-aka-espetrov/18203,C
47,Arello-Mobile/Moxy,Java
47,Alleshka/Gidra,C#
47,AdguardTeam/ExperimentalFilter,Python
46,urfu-2016/team2,JavaScript
46,languagetool-org/languagetool,Java
46,fullstack-development/react-redux-starter-kit,TypeScript
46,bogdanovmn/boardgame-order,Java
46,apuc/channels_backend,PHP
46,andymost/WidgetWatcher,JavaScript
46,adamenkov/lj2ebook,HTML
46,ProNWE/service,PHP
46,KorobetskayaAA/Mushroomers-Gothic-II-NoR-Mod-,D
46,ESDP-2016-2/ESDP-2-2016-version1,Ruby
46,DronMDF/manabot,Python
45,urfu-2015/team2,JavaScript
45,svtz/tanks,C#
45,startapki/whisky_club,Ruby
45,melihovv/grammar_review_tool,PHP
45,kartollika/Movies-Service,Java
45,iojs/iojs-ru,JavaScript
45,ezhov-da/usage-graph,Java
45,elgatito/plugin.video.elementum,JavaScript
45,batogov/iceberg,JavaScript
45,balamyt92/InfoDesk,PHP
45,b4ck5p4c3/wiki,HTML
45,ark120202/angel-arena-black-star,JavaScript
45,ark120202/aabs,JavaScript
45,SilentImp/3waytalk-landing,CSS
45,NastasSanna/Mushroomers-Gothic-II-NoR-Mod-,D
45,Mishiranu/Dashchan,Java
45,MaximusDan/MyFirstProject,Java
45,MagicGreenHat/Kingdom,PHP
45,LARP-Platform-Team/larp-platform,JavaScript
45,ESDP-15-2/student-crm,Ruby
44,portalsftdev/dm,CSS
44,oscript-library/v8runner,1C Enterprise
44,opendataby/city-dashboard,JavaScript
44,nixsolutions/yandex-php-library,PHP
44,mosmetro-android/mosmetro-android,Java
44,isdenmois/fibook,TypeScript
44,igoss/kmizar,CSS
44,havart/learn-angular,TypeScript
44,glebqip/metrostroi_beta,Lua
44,eug3nix/osbb,Ruby
44,danilchican/trackPlatform,Java
44,PavelBahBah/simbirsoft_cybersport,Java
44,LernaProject/Lerna,Python
44,Lead-Bullets/BSL-Parser,1C Enterprise
44,GolosChain/registration-service,JavaScript
44,FOPF/dgap_voting,Python
44,DotNetRu/Server,C#
44,Aqcee/geomarkers,Java
44,ASbeletsky/TimeOffTracker,CSS
43,telegram-bots/telegram-channels-feed,Kotlin
43,nodeschool/spb,CSS
43,new-sashok724/Launcher,Java
43,kirillgenets/kekstagram,CSS
43,ideals/Ideal-CMS,JavaScript
43,buglloc/brick,C++
43,Siriuscoder/3dlite,C
43,MailRuChamps/raic,C++
43,KorvoBlanka/RplusMgmt,JavaScript
42,zenmoney/ZenPlugins,JavaScript
42,yandex/mapkit-android-demo,Java
42,yandex-ui/noscript-react,JavaScript
42,xintrea/mytetra_dev,C++
42,systemo-biz/casepress,JavaScript
42,postgrespro/mamonsu,Python
42,pitercss/2018,HTML
42,oss-fruct-org/social-navigator,Java
42,medvosa/cuda_html_live_preview,Python
42,ldmco/Ksenmart,PHP
42,kreghek/Zilon,C#
42,go-internship/HeroVsDragon,Go
42,frontend-park-mail-ru/2018_2___proto__,JavaScript
42,fishinggururu/fishinggururu.github.io,HTML
42,digitalshop24/dremteam,CSS
42,VanillaJs/chat,JavaScript
42,Students-of-the-city-of-Kostroma/16ISa,HTML
42,SleepyDevelopersTeam/vinvasion,Java
42,Sistemium/iSistemium,Objective-C
42,SergeyShidlovsky/BatchScripts,Batchfile
42,NetCrackerO2/NetCrackerShop,Java
42,Mishon-pon-pon/CoinKepper,JavaScript
42,Mirocow/yii2-eav,JavaScript
42,Lucky112/mmcs-optimizing-compiler-spring-2018,C#
42,KateKlus/TaskManager,Java
42,GabovYegor/Java_practice,Java
42,FireSalamander/Airplanet,HTML
41,veselv2010/NowPlaying,C#
41,simlex-titul2005/GE,C#
41,rustho/life,JavaScript
41,radio-t/radio-t-site,CSS
41,nirudef/as_crm,Ruby
41,installero/qkspace,Ruby
41,ilyalyo/insta,PHP
41,iliakan/javascript-tutorial-ru,HTML
41,everypony/ponyFiction,Python
41,danilchican/AllIn,PHP
41,codex-team/codex.media,PHP
41,centosadmin/redmine_intouch,Ruby
41,apuc/da,JavaScript
41,Vacuum-IM/vacuum-im,C++
41,Restream/obeder,Ruby
41,Niklan/DrupalCommunity,CSS
41,NSusoev/eval-service-quality,Java
41,Likemilk99/HomeLibrarian,Java
41,Gerold103/volgograd,JavaScript
41,FantLab/FantLab-client,Kotlin
41,Elmina241/MiningClicker,C#
41,DronMDF/telebot,Python
41,DiscoDancer/FunWithWpf,C#
41,Dasha6elka/rss-reader,JavaScript
41,2gis/nuclear-river-validation-rules,C#
40,tonykolomeytsev/mpeiapp,Kotlin
40,teanet/Nazabore,Objective-C
40,pavliha/partymaker-web,JavaScript
40,nickkolok/didact-tp,TeX
40,mifodiy777/cooperate,Java
40,maximumtest/360,PHP
40,lnl122/Solver2,C#
40,khasang-incubator/SOKOL,Java
40,geophystech/eqalert.ru,Vue
40,gamesFTW/phaser-card-game-client,JavaScript
40,daks01/FAQx81,HTML
40,chelvmeste/vmeste,JavaScript
40,blooddy/blooddy_crypto,ActionScript
40,answeropedia/answeropedia,PHP
40,Vehsamrak/counter-card-client,TypeScript
40,TinkoffCreditSystems/invest-openapi,HTML
40,SB-MaterialAdmin/NewServer,SourcePawn
40,Nashev/MultiPult,Pascal
40,Maximus5/ConEmu,C++
40,LexaLukivka/partymakerFrontend,JavaScript
40,Kinrany/GraphEditor,C#
40,KaiL4eK/tigra_project,C++
40,DarinaKuleva/blog_react,JavaScript
40,CrazyHackGUT/SB_Material_Design,PHP
40,15PIHSE-DataBase/DataBase,C
39,zhovner/zaborona_help,HTML
39,vladimirgolovanov/brihad-mridanga,PHP
39,vano353/White-team,Java
39,truesik/Montao,Java
39,poymanov/shopin,PHP
39,postgrespro/pg_pathman,C
39,onifent/rpg,Java
39,omtit/august17java,Java
39,nextgis/docs_ngqgis,Python
39,new-mephist/Student_Mephi,PHP
39,keremet/pricer,JavaScript
39,icw82/kenzo-vk,JavaScript
39,earring/testgenerator,Java
39,animusdev/Lawful-Sosaki,DM
39,anilibria/anilibria,PHP
39,alex-koshara/pink,CSS
39,ZvonkovOV/test_listboxer,TeX
39,RSamokhin/fin,CSS
39,Olga-Yakovleva/RHVoice,C++
39,JohnHook059/hecs,Python
39,DEgITx/rats-search,JavaScript
38,wapmorgan/Morphos,PHP
38,sima-land/api-php-client,PHP
38,open-tech-authors/solid,TypeScript
38,natashalysakova/DniproFuture,JavaScript
38,milaxcom/mconsole,PHP
38,intrahouseio/Doc,Shell
38,drupal-russia/drupal-camp-krasnodar,PHP
38,brightlynxteam/bazaBack,JavaScript
38,animusdev/Fallout-13,DM
38,Xoma163/xoma163site,Python
38,UNN-Data-Mining-Group/Data-Mining-Tool-System,C#
38,TrustedPlus/GUI-Trusted-eSign-iOS,C
38,Svinoed/IntellectEye,C#
38,StepanOmelchenko/StepanOmelchenko.github.io,JavaScript
38,Mozzarella123/BuildingCalculator,C#
38,LookLikeDev/App-ReactNative,JavaScript
38,KeerillZhirkovich/videoLib,Java
38,Inok/dynsolver,C#
38,Hexlet/hexlet-interview,TypeScript
38,Alexander091/text-adventure,JavaScript
37,urfu-2015/team3,JavaScript
37,stepacademy/virusattack,C#
37,sergejey/majordomo,PHP
37,oclawrep/crutch_chat,C#
37,nicolaypetrovich/rocket-valemi,PHP
37,nicolaypetrovich/rocket-tatara,PHP
37,mrAntiUser/JRAS,JavaScript
37,lastick1/rexpert,Python
37,khasang-incubator/Android_20151115,Java
37,iu5team/rms,Python
37,immuzov/bratishkabot,TypeScript
37,idlesign/pythonz,Python
37,glokzs/HSCFiscal,C#
37,bem/bem-core,JavaScript
37,bdemeshev/course_works,TeX
37,arvego/mm-randbot,Python
37,Teplitsa/tst-yandex-feed,PHP
37,PentiumLuls/codeLearning,JavaScript
37,KodiCMS/kodicms-laravel,PHP
37,KeyJoo/baraban16,HTML
37,Frolikow/UIkit,HTML
37,DigitalWand/digitalwand.admin_helper,PHP
36,vanok1993/vanok1993.github.io,JavaScript
36,telminov/ansible-manager,Python
36,spajic/rails4book,Ruby
36,reviakin/gorkogo55-landing,CSS
36,locodiosa/ping-pong,JavaScript
36,greenprojectme/anekdot,CSS
36,greenman777/crmre,JavaScript
36,esokolov/ml-course-hse,Jupyter Notebook
36,elagin/Ladle,Java
36,drdaemos/encounter-engine,Ruby
36,diadoc/diadocsdk-java,Java
36,c-darwin/dcoin-go,Go
36,bayclosed/mini7,PHP
36,YegorAndVova/peep,CSS
36,Reedlee/poor-cop,Ruby
36,MaksHladki/CT,HTML
36,ISRPO2019/ISRPO2019.github.io,JavaScript
36,Denvi/Candle,C++
36,21las21/TrollInvasion,Java
35,vortexwolf/2ch-Browser,Java
35,tihonove/vscode-candy-sugar-extensions,TypeScript
35,studentftk/kspt,Java
35,robot-lab/projectsfair,HTML
35,prodderman/Slider,TypeScript
35,oleg-chubin/let_me_play,Python
35,noff/snek,Ruby
35,nextgis/quickmapservices,Python
35,nextgis/nextgisbio,JavaScript
35,mihdan/mihdan-yandex-turbo-feed,PHP
35,krambertech/react-essential-course,JavaScript
35,khorevaa/cli,1C Enterprise
35,ivanov660/TestingTool-3,1C Enterprise
35,i-ka/alchemy,Python
35,gudovaolya/ESDP-2-2016-test,Ruby
35,glavdev/TDLib,PHP
35,eliace/ergo-js,JavaScript
35,bmstu-iu9/utp2017-3-forth,JavaScript
35,alex-mihnenko/eco-u,PHP
35,Tooyz/moysklad,PHP
35,Silvman/ponydays,PHP
35,Red-Teapot/bbyaworld.com,HTML
35,Qmannn/food-service,C#
35,Nitive/sicp,Clojure
35,NNRUG/it52-rails,Ruby
35,IlyaKirillov/GoUniverse,JavaScript
35,FunRobots/candybot_vr,Python
35,Biovision/biovision-base,Ruby
34,vitkarpov/parket-st,JavaScript
34,tigran123/urantia-book-explorer,CSS
34,sleeping-owl/admin,JavaScript
34,skuralov10/burgers,JavaScript
34,selivanov-as/ml-text-highlights,Jupyter Notebook
34,ruRust/rust_book_ru,CSS
34,rarus/bonus-server-php-sdk,PHP
34,nerevar/jmc,C++
34,moevm/adfmp18-poker,Kotlin
34,lenok97/breakRules,C#
34,j4s/superglobals,PHP
34,goto-ru/gotosite,HTML
34,eligantRU/CG,C++
34,a6461/Qt-PyQt,Python
34,ZhdanovPasha/SpaceInvaders,JavaScript
34,TumanovV/Loftschool,HTML
34,NurlanNur/students_test,Ruby
34,Mazdaywik/Refal-05,C
34,MaksimOrekhov/Coworking,HTML
34,AnDrOiD73dd/cinema-finder,Java
34,15PI-Shell/Shell,C
33,yermochenko/projects-management,Java
33,yeriomin/YalpStore,Java
33,wisestump/OptimizingCompiler,C#
33,weltix/ResSunmi,Java
33,urfu-2016/team1,JavaScript
33,tsu-iscd/lyapas-lcc,C++
33,telegram-ru/ru-bot,JavaScript
33,studio107/Mindy,PHP
33,sound0terror/LetsPlaySoccer,JavaScript
33,skbkontur/skbkontur.github.io,HTML
33,nicolaypetrovich/rocket-ecoexo,CSS
33,mipt-cs-on-python3/course-site,Jupyter Notebook
33,khasang/JClean,Java
33,karpovr/veda,JavaScript
33,isaintnik/erc,Python
33,irmtim/TypiconOnline,C#
33,elarkov/coworking,HTML
33,dima74/Wikipedia-Yofication,Rust
33,complexitybot/Quiz,C#
33,asrdri/yt-metabot-user-js,JavaScript
33,Serzh470/Flex,HTML
33,Savmex/test_task,Swift
33,Rasie1/CG2016Game,JavaScript
33,MegoHappyThreeFriends/JustTrade,JavaScript
33,Mazdaywik/simple-refal,C++
33,MaksHladki/DDWA,HTML
33,KranX/Vangers,C++
33,Gentser/Keknaizer,C++
33,ExecutionLLC/ethereum_stock,JavaScript
33,EvilBeaver/OneScript.Web,C#
33,EvgeniyGor/StudentRecords,Python
33,Dominioncher/BusStations,Python
33,Allexin/TrackYourTime,C++
32,repetantil/web-file-storage,C#
32,prodderman/FlatUI,CSS
32,noxonsu/nightcity2html,HTML
32,narmiel/UrqW,JavaScript
32,medvosa/cuda_markdown_editing,Python
32,j4s/validation,PHP
32,igorgo/web-udp-interface,Vue
32,geophystech/geophystech.ru,HTML
32,flexjoy/SpringHelloWorld,HTML
32,elagin/motobatClient,Java
32,divis1969/android_device_meizu_meilan2,C
32,dimka665/vk,Python
32,ct-js/ct-js,JavaScript
32,chrmarti/testissues,JavaScript
32,brightlynxteam/bazaFront,Vue
32,bezumkin/pdoTools,PHP
32,arturdubro/bestquest,JavaScript
32,alexbaumgertner/presentation-bem-stack,HTML
32,YakushevVladimir/BibleQuote-for-Android,Java
32,SkripalBoris/TravelAlarmClock,HTML
32,Microsoft/vscode,TypeScript
32,MailRuChamps/hlcupdocs,Python
32,Luchanso/lu-timer,JavaScript
32,LaravelRUS/GitterBot,PHP
32,ESDP-2016-1/imho.kg,Ruby
32,DmitrySoloviyev/OrthopedicSite,PHP
32,DenZvr95/zveryata_gallery,C#
32,CGPX/EbayParser,PHP
32,Biovision/comunit-base,Ruby
32,Axent13/life,JavaScript
32,ArtemDud10K/Homework,Python
32,Alpha-Hydro/alpha-hydro-antares,PHP
31,tarantool/doc,CSS
31,t1m0n/air-datepicker,JavaScript
31,shri-2015-org/shriek,JavaScript
31,pythondigest/pythondigest,Python
31,pihel/cash,JavaScript
31,oneunreadmail/deckard,Python
31,oberdev/aircalc,Python
31,mrspartak/chlenix,JavaScript
31,maxkrivich/ChatApp,Java
31,latex-g7-32/latex-g7-32,TeX
31,khasang/Poti,Java
31,kafitimi/multimeter,C++
31,isqua/asocial,JavaScript
31,greepowerzone/cowboy,JavaScript
31,fergus-macdubh/mermaid,Java
31,dressyourkid/kid-shop-ui,Vue
31,dle-modules/DLE-BlockPro,PHP
31,developers-against-repressions/case-212,Python
31,bulat2960/my-first-simple-game,C++
31,bologer/anycomment.io,PHP
31,bmstu-iu9/utp2017-1-chat,JavaScript
31,alfa-laboratory/arui-feather,TypeScript
31,agentlab/rdf-scheme-editor-server,Java
31,Symb1OS/blackdesert-fishbot,Java
31,StarLinkProj/StarLink,PHP
31,SerjoPepper/kick_sovetnik,JavaScript
31,Pasha1N/TitleCapitalizationTool,C#
31,OpenStreetMap-Monitoring/iOsMo,Swift
31,OSLL/jenkins_job_builder_visualization,Python
31,KudelinRoman/Course-project-UML-TRPO,C#
31,Joomline/jlsitemap,PHP
31,IldarW/WurmBot,Java
31,IgorTimofeev/OpenComputers,Lua
31,Greffort/Project_team_22_2018,CSS
31,GolosChain/registration-frontend,JavaScript
31,GolosChain/notify-service,JavaScript
31,DenisIsaev/structures_and_algorithms,C++
31,DelfikPro/Implario,Java
31,AlexeiZubarik/Decision,TypeScript
30,vpalex999/ebilock_from_python_2_7,Python
30,vit/gn,HTML
30,vakulenkoalex/runner1c,Python
30,test-st-petersburg/edms,1C Enterprise
30,stormkirill98/SocialCalendar,Python
30,pogribnoy/stat-backend,PHP
30,pavlov-dmitry/photometer,JavaScript
30,nsuvorov83/ExchangeBot,JavaScript
30,nshindarev/MAS_Carpooling,Java
30,nicolaypetrovich/rocket-rpgcash,HTML
30,nOleg/FOMS,CSS
30,miptliot/vps-tools,PHP
30,minsk-hackerspace/hsWEB,Ruby
30,kolodnikovm/blackjack,Python
30,iliakonnov/AdventureBot,C#
30,frontend-park-mail-ru/2018_2_codeloft,JavaScript
30,devexp-org/devexp,JavaScript
30,developeruz/yii2-db-rbac,PHP
30,danceconvention/dcnet-public,HTML
30,dallakyanas/ror-tstprj-blog-digest,Ruby
30,daer-ru/ymaps-list,JavaScript
30,bcrypto/bpki,TeX
30,backuot/TheGameOfLife,JavaScript
30,astrikov-d/dartcms,JavaScript
30,Z-Wave-Me/Z-Uno-Core,C++
30,WSFG/The-geek,HTML
30,Vehsamrak/RockParade,PHP
30,SmirnovAlexander/MemDer,Java
30,Silmarill/mediators-voice-nerdy-phantasm,C#
30,SamaraITCommunity/site,HTML
30,NashaLeptaChallenge/nasha_lepta,JavaScript
30,LeagueOfDevelopers/ShyneeBackend,C#
30,HaCk3Dq/vk,D
30,DevelopmentOnTheEdge/be5,Java
30,DevPartyConf/markup,HTML
29,yandex-ui/nanoislands,JavaScript
29,vkamiansky/yandex-dialogs-inventory,C#
29,vkamiansky/hackathonfls2019,C#
29,thatsrr/enigma,C++
29,tars/tars-cli,JavaScript
29,sreym/slash-edu,CSS
29,spb-frontend/spb-frontend.ru,JavaScript
29,sosed/qp,PHP
29,skeeks-cms/cms,PHP
29,simvolice/adsme2,JavaScript
29,sibsutis-zp51-coolteam/timetable,PHP
29,ret-Phoenix/v8CfgAddsAhk,1C Enterprise
29,plotn/coolreader,C++
29,perxteam/react-jsonschema-form,JavaScript
29,oscript-library/deployka,1C Enterprise
29,omega-vr-ar/unity-tools,C#
29,nickkolok/tex-lint,JavaScript
29,nextgis/nextgisweb_forest_violations,Python
29,khasang/JQuiz,Java
29,khabibullinra/unifloc_vba,Jupyter Notebook
29,kana-sama/donos,Elixir
29,justVitalius/quiz-telegram-bot,JavaScript
29,itmo-mpa/mpa-backend,Kotlin
29,igoss/vercon,CSS
29,iatudev/html-agnecy,CSS
29,horba/IntelliGram-D,C#
29,graphprocessing/graph_coarsening,C++
29,granescb/hackatomsk2017-gg1793pp,JavaScript
29,galushin/Sayan,C++
29,fearOfSociety/glowing-octo-shame-arma2,SQF
29,ekorneechev/Connector,Python
29,e-government-ua/iTest,Java
29,dosinabox/g2_classic,D
29,document-io/document.io,C#
29,denismaster/YetAnotherGame,ASP
29,dchapyshev/aspia,C++
29,daibogh/vcs,Python
29,Zealot111/SW_MissionExample,SQF
29,Yuego/django-fias,Python
29,ValdikSS/blockcheck,Python
29,VadimCpp/events4friends.ru-react,JavaScript
29,TeamDevIU/Bot,JavaScript
29,TauCetiStation/ColonialMarines_Redone,DM
29,RusYus/oxygine-project,C++
29,RomaTur/loftschool,CSS
29,Maksimus-Prime/task-two-ui-kit,JavaScript
29,MCL1303/TaskBot,Haskell
29,LeagueOfDevelopers/ItHappenedIOS,Swift
29,GuminEgor/CMoney,Java
29,GreenTeamSpbStu/SharedAccessList,CSS
29,GoAlexander/der_film,Jupyter Notebook
29,EvgenLozov/yml-merger-server,JavaScript
29,Domerk/UdoDB,C++
29,Dimox/jQueryFormStyler,CSS
29,AcumenDev/EffectiveInterest,JavaScript
29,ADGuschin/Igor2,Go
29,2gis/mapsapi,JavaScript
28,yandex-shri-minsk-2018/plotva-project,JavaScript
28,web-standards-ru/weblind.ru,HTML
28,volchata/pepo_client,JavaScript
28,vithar/bem.info,JavaScript
28,vasview/html_group_9_teamwork_team_1,HTML
28,tenthbyte/B_Royale,C#
28,sivir/baikal1,JavaScript
28,silicium-one/LabelPrint,Visual Basic
28,semperhomolupus/semperhomolupus.github.io,CSS
28,rudzaytsev/Railage,Java
28,really562/really562.github.io,JavaScript
28,nixel2007/entity,1C Enterprise
28,mihdan/cyr2lat,PHP
28,medvosa/cuda_html_navbar,Python
28,lorien/grab,Python
28,garakh/kladrapi-jsclient,JavaScript
28,dunknown/NIAT_CMS,HTML
28,dima-bzz/hd.rustem,PHP
28,digitalshop24/bbetter,HTML
28,connect/captal,JavaScript
