15111,996icu/996.ICU,Rust
7171,PKUDeleted/Holes,Python
5146,XX-net/XX-Net,Python
4415,pythonpeixun/article,JavaScript
2285,ecomfe/echarts,JavaScript
1965,akveo/ngx-admin,TypeScript
1715,ant-design/ant-design,TypeScript
1587,three-plus-three/hw_issues,JavaScript
1561,getlantern/lantern,Go
1370,tatfook/keepwork,Vue
1358,ElemeFE/element,Vue
1322,ant-design/ant-design-pro,TypeScript
1166,steedos/apps,JavaScript
1147,CarGuo/GSYVideoPlayer,Java
1095,wangfupeng1988/wangEditor,JavaScript
1085,fex-team/webuploader,JavaScript
1081,siteserver/cms,C#
1040,Bilibili/ijkplayer,C
880,PanJiaChen/vue-element-admin,Vue
854,PaddlePaddle/Paddle,Python
834,jumpserver/jumpserver,JavaScript
830,NervJS/taro,JavaScript
822,tatfook/wikicraft,JavaScript
820,apache/incubator-echarts,JavaScript
766,iissnan/hexo-theme-next,CSS
741,z-song/laravel-admin,PHP
715,shadowsocks/shadowsocks-windows,C#
712,iview/iview,Vue
706,steedos/creator,CoffeeScript
692,997icu/996.ICU,Rust
662,felix-fly/felix-fly.github.io,HTML
658,banchichen/TZImagePickerController,Objective-C
658,Tencent/bk-cmdb,Go
640,fex-team/ueditor,JavaScript
623,CymChad/BaseRecyclerViewAdapterHelper,Java
607,coolsnowwolf/lede,C
600,thx/RAP,JavaScript
579,youzan/vant,JavaScript
579,MiEcosystem/miot-plugin-sdk,JavaScript
577,YMFE/yapi,JavaScript
564,lipangit/JiaoZiVideoPlayer,Java
549,LuckSiege/PictureSelector,Java
546,hankcs/HanLP,Python
539,eggjs/egg,JavaScript
538,DIYgod/RSSHub,JavaScript
531,airyland/vux,Vue
517,poooi/poi,JavaScript
512,xuxueli/xxl-job,Java
502,soimort/you-get,Python
483,fex-team/kityminder-editor,JavaScript
477,FelisCatus/SwitchyOmega,CoffeeScript
475,hansewu/MovieMator,C++
467,wangshub/wechat_jump_game,Python
465,v2ray/v2ray-core,Go
459,antvis/g2,TypeScript
457,vnpy/vnpy,C++
456,d2-projects/d2-daily,CSS
450,ctripcorp/apollo,Java
445,wangding/courses,HTML
435,pili-engineering/PLDroidPlayer,Java
431,kelseyhightower/nocode,Dockerfile
426,iview/iview-admin,Vue
420,proxyee-down-org/proxyee-down,Java
406,lipangit/JieCaoVideoPlayer,Java
406,lingochamp/FileDownloader,Java
404,Meituan-Dianping/mpvue,JavaScript
403,alibaba/druid,Java
402,fatedier/frp,Go
400,sdc-alibaba/SUI-Mobile,JavaScript
400,littlecodersh/ItChat,Python
395,CarGuo/GSYGithubAppFlutter,Dart
387,RubyLouvre/avalon,JavaScript
383,dvajs/dva,JavaScript
382,baomidou/mybatis-plus,Java
375,litten/hexo-theme-yilia,JavaScript
369,DigitalPlatform/dp2,C#
366,renzifeng/ZFPlayer,Objective-C
363,tamlok/vnote,C++
363,koolshare/koolshare.github.io,ASP
361,alibaba/easyexcel,Java
359,waditu/tushare,Python
359,slimkit/plus,PHP
359,AAChartModel/AAChartKit,Objective-C
355,ant-design/ant-design-mobile,TypeScript
354,leancloud/docs,JavaScript
352,meolu/walle-web,Python
348,kubesphere/kubesphere,Go
345,Microsoft/vscode,TypeScript
341,leanote/leanote,JavaScript
341,fex-team/fis3,JavaScript
336,alibaba/fastjson,Java
333,scwang90/SmartRefreshLayout,Java
332,shadowsocks/shadowsocks-android,Kotlin
332,chrmarti/testissues,JavaScript
329,Tencent/wepy,JavaScript
325,Kenshin/simpread,JavaScript
319,haizlin/fe-interview,JavaScript
318,istek/istekcc,CSS
316,ElemeFE/v-charts,JavaScript
313,Wox-launcher/Wox,C#
312,NG-ZORRO/ng-zorro-antd,TypeScript
310,Bigkoo/Android-PickerView,Java
309,zhangdaiscott/jeecg-boot,Java
308,Binaryify/NeteaseCloudMusicApi,JavaScript
307,umijs/umi,TypeScript
307,huanghaibin-dev/CalendarView,Java
306,star7th/showdoc,JavaScript
305,jeasonlzy/okhttp-OkGo,Java
301,CoderMJLee/MJRefresh,Objective-C
300,antvis/g6,TypeScript
299,Terminus2049/Terminus2049.github.io,CSS
297,TKkk-iOSer/WeChatPlugin-MacOS,Objective-C
296,overtrue/wechat,PHP
294,2dust/v2rayN,C#
293,zuiidea/antd-admin,JavaScript
291,aimingoo/aimingoo.github.io,HTML
290,alibaba/canal,Java
290,alibaba/BizCharts,TypeScript
288,alibaba/ice,TypeScript
284,ipcjs/bilibili-helper,JavaScript
283,shadowsocks/ShadowsocksX-NG,Swift
282,youth5201314/banner,Java
281,sikaozhe1997/Xin-Yue,HTML
278,shadowsocks/shadowsocks,Python
276,youseries/ureport,Java
271,pandao/editor.md,JavaScript
271,SwiftOldDriver/iOS-Weekly,Swift
267,MyCATApache/Mycat-Server,Java
267,Chuyu-Team/Dism-Multi-language,HTML
266,Alivon/Panda-Learning,Python
264,top-think/framework,PHP
262,steedos/mini-vip,CSS
260,thx/rap2-delos,TypeScript
258,museui/muse-ui,Vue
256,ustbhuangyi/better-scroll,TypeScript
253,vuejs/vue,JavaScript
253,Dafrok/vue-baidu-map,Vue
252,yinghuocho/firefly-proxy,Go
252,seven332/EhViewer,Java
252,crimx/ext-saladict,TypeScript
252,AriaLyy/Aria,Java
251,zacyu/bilibili-helper,JavaScript
250,margox/braft-editor,JavaScript
249,typcn/bilibili-mac-client,Objective-C
249,fkzhang/WechatUnrecalled,Java
248,Justson/AgentWeb,Java
247,dianping/cat,Java
247,alibaba/otter,Java
246,ydcss/vue-ydui,Vue
245,vueComponent/ant-design-vue,Vue
245,antvis/f2,JavaScript
244,mohuishou/scuplus-wechat,Vue
243,darknessomi/musicbox,Python
242,hq450/fancyss,ASP
239,derrickshowers/recommend-it,Swift
238,wisnuc/appifi,JavaScript
236,wisnuc/fruitmix-android,Java
236,Tencent/bk-sops,Python
234,barretlee/blog,HTML
233,YoKeyword/Fragmentation,Java
231,bailicangdu/vue2-elm,Vue
231,LuoShengMen/StudyNotes,HTML
229,ecomfe/echarts-for-weixin,JavaScript
228,CoderMJLee/MJExtension,Objective-C
227,pyecharts/pyecharts,Python
227,longitachi/ZLPhotoBrowser,Objective-C
227,dcloudio/uni-app,JavaScript
227,Selection-Translator/crx-selection-translate,HTML
225,youfou/wxpy,Python
225,kujian/frontendDaily,HTML
223,swoft-cloud/swoft,PHP
223,nndl/nndl.github.io,HTML
223,crazycodeboy/TakePhoto,Java
221,Blankj/AndroidUtilCode,Java
220,yunzhiclub/beautifulArtical,JavaScript
220,hexojs/hexo,JavaScript
219,Jasonchenlijian/FastBle,Java
218,kbengine/kbengine,C
218,geeeeeeeeek/electronic-wechat,JavaScript
216,thingsroot/ReactProject,JavaScript
216,astaxie/beego,Go
215,selfteaching/selfteaching-python-camp,Python
213,xtaci/kcptun,Go
213,lifei6671/mindoc,Go
212,yscoder/hexo-theme-indigo,CSS
212,guanzhi/GmSSL,C
212,NLPchina/ansj_seg,Java
210,bingoogolapple/BGAQRCode-Android,C
209,top-think/think,PHP
208,LitePalFramework/LitePal,Java
207,xuliangzhan/vxe-table,JavaScript
207,Tencent/tinker,Java
206,neolee/pilot,Jupyter Notebook
206,monkeyWie/proxyee-down,Java
205,lanshan-studio/wecqupt,JavaScript
205,ElemeFE/mint-ui,Vue
204,tjworks/docs,Python
202,xiaolin3303/wx-charts,JavaScript
202,notepad-plus-plus/notepad-plus-plus,C++
201,wangmchn/WMPageController,Objective-C
200,weibocom/motan,Java
200,ssy341/datatables-cn,HTML
200,android-hacker/VirtualXposed,Java
200,Wechat-Group/weixin-java-tools,Java
199,FreeCodeCampChina/freecodecamp.cn,CSS
196,yanzhenjie/AndPermission,Java
195,fxsjy/jieba,Python
194,youzan/vant-weapp,JavaScript
194,wyouflf/xUtils3,Java
194,alibaba/freeline,Java
193,mabeijianxi/small-video-record,C
192,shen100/golang123,JavaScript
192,oh-bear/2life,HTML
192,gsdios/SDCycleScrollView,Objective-C
190,medcl/elasticsearch-analysis-ik,Java
190,hinesboy/mavonEditor,Vue
189,lihongxun945/jquery-weui,JavaScript
187,ferristale/ferristale.github.io,HTML
186,thinkcmf/thinkcmf,JavaScript
184,pandolia/qqbot,Python
183,sendya/ant-design-pro-vue,Vue
183,huanghongxun/HMCL,Java
182,googol4u/googol4u.github.io,CSS
182,code4craft/webmagic,Java
181,slimkit/plus-component-h5,Vue
181,JeffreySu/WeiXinMPSDK,C#
180,wenzhixin/bootstrap-table,JavaScript
179,xu-li/cordova-plugin-wechat,Objective-C
177,linuxdeepin/developer-center,CSS
177,Tencent/mars,C++
176,selfteaching-learning-notes/selfteaching-learning-notes.github.io,JavaScript
175,typecho/typecho,PHP
175,hhyo/Archery,Python
175,consenlabs/token-profile,TypeScript
175,chenshen03/chenshen03.github.io,HTML
174,zhihu/Matisse,Java
174,vision1626/frontend_dev,CSS
174,2dust/v2rayNG,Kotlin
173,thinkjs/thinkjs,JavaScript
172,tencentyun/TIMSDK,JavaScript
172,fex-team/umeditor,JavaScript
172,candycat1992/Unity_Shaders_Book,ShaderLab
171,qiuxiang/react-native-amap3d,Kotlin
169,jpush/aurora-imui,Java
169,alibaba/p3c,Kotlin
168,swearitagain/EduCnblogs2.0,HTML
168,racaljk/hosts,Rascal
168,monkey-wenjun/awen.github.io,HTML
168,libin1991/libin_Blog,JavaScript
168,fex-team/fis,PHP
168,agalwood/Motrix,JavaScript
168,PaddlePaddle/models,Python
168,521xueweihan/HelloGitHub,Python
167,trazyn/ieaseMusic,JavaScript
167,otale/tale,JavaScript
167,chineseocr/chineseocr,Python
167,blocklang/blocklang.com,Java
166,tufu9441/maupassant-hexo,CSS
166,ronggang/PT-Plugin-Plus,TypeScript
166,go-xorm/xorm,Go
163,syhyz1990/baiduyun,JavaScript
163,cdhigh/KindleEar,Python
163,SplashCodes/JAViewer,Java
163,HttpRunner/HttpRunner,Python
162,qiancuncoop/blog,JavaScript
162,algorithm002/algorithm,Python
161,ibireme/YYText,Objective-C
161,alibaba/dubbo,Java
161,LiXizhi/ParaCraft,Batchfile
160,xyxiao001/vue-cropper,Vue
160,jlfex/hermes,Java
159,Qihoo360/RePlugin,Java
159,Advanced-Frontend/Daily-Interview-Question,JavaScript
156,zhongyang219/TrafficMonitor,C++
156,testerSunshine/12306,Python
156,swoole/swoole-src,C++
156,HuangDayu/huangdayu.github.io,CSS
155,zzhoujay/RichText,Java
155,slimkit/thinksns-plus,PHP
155,huangshuwei/vue-easytable,JavaScript
155,fancymax/12306ForMac,Swift
155,bannedbook/fanqiang,Rich Text Format
154,shadowsocks/shadowsocks-manager,JavaScript
154,ossrs/srs,C++
154,algorithm001/algorithm,Java
153,pili-engineering/PLPlayerKit,Objective-C
153,iuap-design/tinper-bee,JavaScript
153,hzuapps/android-labs,Java
153,gyf-dev/ImmersionBar,Java
153,YiiGuxing/TranslationPlugin,Kotlin
153,JoleneOL/market-manage,Java
152,ruanyf/es6tutorial,JavaScript
152,lotem/rimeime,C++
152,AirtestProject/Airtest,Python
151,sunshaoxuan/LimsWeb,TSQL
151,begeekmyfriend/yasea,C
151,CFPAOrg/cfpaorg.github.io,HTML
150,rime/home,HTML
150,gedoor/MyBookshelf,Java
149,dorseysen/One-Date-One-Question,JavaScript
149,ElemeFE/vue-amap,JavaScript
148,zhangn1985/ykdl,Python
148,weui/weui,CSS
147,open-falcon/falcon-plus,Go
147,hzuapps/android-labs-2018,Java
147,cnodejs/nodeclub,JavaScript
146,yuantiku/YTKNetwork,Objective-C
146,sinaweibosdk/weibo_android_sdk,HTML
146,bang590/JSPatch,Objective-C
146,Liam0205/liam0205.github.io,HTML
145,wildfirechat/android-chat,Java
145,taosdata/TDengine,C
144,CJT2325/CameraView,Java
143,yzhang921/CBoard,TSQL
143,shadowsocksrr/shadowsocksr-csharp,C#
143,sentsin/layui,JavaScript
143,ppoffice/hexo-theme-icarus,JavaScript
143,alibaba/nacos,Java
143,alibaba/DataX,Java
141,nswbmw/N-blog,JavaScript
140,mayswind/AriaNg,JavaScript
140,li-xiaojun/XPopup,Java
140,front-end-001/Front-end,JavaScript
140,codingapi/tx-lcn,Java
139,viosey/hexo-theme-material,CSS
139,jeasonlzy/ImagePicker,Java
138,sunkaixuan/SqlSugar,C#
138,rime/weasel,C++
138,nodeWechat/wechat4u,JavaScript
138,komeiji-satori/Dress,Standard ML
138,iawia002/annie,Go
138,YCG09/chinese_ocr,Python
138,Curzibn/Luban,Java
136,zhblue/hustoj,JavaScript
136,droidyuecom/comments_droidyuecom,CSS
135,getHighTech/beatshop,JavaScript
135,abel533/Mapper,Java
134,yangchaojiang/yjPlay,C
134,lhc70000/iina,Swift
133,guanhui07/blog,C
133,AlexLiuSheng/CheckVersionLib,Java
133,233boy/v2ray,Shell
132,programthink/zhao,Python
132,ideawu/ssdb,C++
132,iCloudWorkGroup/fengniao,JavaScript
132,getgridea/gridea,CSS
132,Sayi/poi-tl,Java
131,zTree/zTree_v3,HTML
130,liuwons/wxBot,Python
130,indulgeIn/YBImageBrowser,Objective-C
130,icindy/wxParse,JavaScript
130,drcoms/drcom-generic,Python
129,wepyjs/wepy,JavaScript
129,rhotep/docLoop,JavaScript
129,ng-alain/ng-alain,TypeScript
129,FinalTeam/RxGalleryFinal,Java
128,wisnuc/wisnuc-desktop-windows,JavaScript
128,shengxinjing/programmer-job-blacklist,Shell
128,shadowsocks/shadowsocks-libev,C
128,haxibiao/ainicheng,PHP
127,brookhong/Surfingkeys,JavaScript
126,slimkit/plus-small-screen-client,Vue
126,oldj/SwitchHosts,JavaScript
126,Molunerfinn/PicGo,Vue
126,Hentioe/policr,Crystal
126,CodisLabs/codis,Go
125,leancloud/ChatKit-OC,Objective-C
125,easy-mock/easy-mock,JavaScript
124,wysaid/android-gpuimage-plus,C++
124,victoryw/learn-base,Shell
124,Bilibili/DanmakuFlameMaster,Java
123,mescroll/mescroll,Vue
123,asLody/VirtualApp,Java
123,alibaba/ARouter,Java
123,Bilibili/flv.js,JavaScript
122,ltaoo/reading,JavaScript
122,hongyangAndroid/wanandroid,JavaScript
122,gogits/gogs,Go
122,cipchk/ng-alain,TypeScript
122,analysys/EasyScheduler,Java
122,H07000223/FlycoTabLayout,Java
121,yipianfengye/android-zxingLibrary,Java
121,rentianhua/tsf,PHP
121,dueeeke/dkplayer,Java
121,Tencent/ncnn,C++
121,BeginnerSlob/TouhouTripleSha,C++
120,yjqiang/bili2.0,Python
120,xdtianyu/CallerInfo,Kotlin
120,redapple0204/my-boring-python,JavaScript
120,pagehelper/Mybatis-PageHelper,Java
120,bin456789/Unblock163MusicClient-Xposed,Java
120,Snailclimb/JavaGuide,Java
120,PPHubApp/PPHub-Feedback,Swift
120,LambdaInnovation/AcademyCraft,Java
119,openpitrix/dashboard,JavaScript
119,listen1/listen1_chrome_extension,JavaScript
119,dcloudio/mui,JavaScript
118,mycolorway/simditor,JavaScript
118,Urinx/WeixinBot,Python
117,yanzhenjie/Album,Java
117,umiringo/Dunkleosteus,C#
117,nondanee/UnblockNeteaseMusic,JavaScript
117,hzuapps/android-labs-2019,Java
117,firekylin/firekylin,TypeScript
117,chatopera/cosin,Java
117,alibaba/Sentinel,Java
116,maptalks/maptalks.js,JavaScript
116,halo-dev/halo,Java
115,wangduanduan/wangduanduan.github.io,JavaScript
115,tatfook/paracraft,Batchfile
115,shidenggui/easytrader,Python
115,nutzam/nutz,Java
115,ksvc/KSYStreamer_Android,Java
115,alibaba/uirecorder,JavaScript
114,sjdy521/Mojo-Weixin,Perl
114,amazeui/amazeui,JavaScript
114,WeBankPartners/wecube-platform,Java
114,ChenYilong/CYLTabBarController,Objective-C
112,zptcsoft/zptcsoft.github.io,HTML
112,visualfc/liteide,C++
112,coolnameismy/BabyBluetooth,Objective-C
112,NimaQu/ss-panel-v3-mod_Uim,Smarty
112,JustWayward/BookReader,Java
111,waynecz/dadda-translate-crx,JavaScript
111,pjialin/py12306,Python
111,jhao104/proxy_pool,Python
111,jackfrued/Python-100-Days,Jupyter Notebook
110,thinkgem/jeesite,JavaScript
110,sjdy521/Mojo-Webqq,Perl
109,apache/incubator-dubbo,Java
108,sunoj/jjb,JavaScript
108,XiaoMi/hiui,JavaScript
108,NervJS/taro-ui,TypeScript
108,MOxFIVE/hexo-theme-yelee,CSS
107,zlgopen/awtk,C++
107,rime/squirrel,Objective-C
107,program-in-chinese/overview,JavaScript
107,leanote/desktop-app,JavaScript
107,koolshare/ledesoft,ASP
107,alibaba/jetcache,Java
107,OBKoro1/web_accumulate,HTML
106,shd101wyy/markdown-preview-enhanced,HTML
106,WangNingkai/OLAINDEX,PHP
106,TalkingData/iview-weapp,CSS
106,FQrabbit/SSTap-Rule,Batchfile
105,wisnuc/Fruitmix_iOS,Objective-C
105,dotnetcore/surging,C#
105,cnlh/nps,Go
105,Ehco1996/django-sspanel,Python
105,Coding/WebIDE,Shell
104,yanue/V2rayU,Swift
104,jpush/jpush-react-native,Objective-C
104,iissnan/theme-next-docs,HTML
104,asserts/asserts.github.io,HTML
104,JessYanCoding/AndroidAutoSize,Java
103,sw2025/SW2025_WEB,JavaScript
103,steedos/workflow,JavaScript
102,vuejs/vue-cli,JavaScript
102,donglua/PhotoPicker,Java
102,antvis/wx-f2,JavaScript
101,weilanwl/ColorUI,Vue
101,onlyliuxin/coding2017,Java
101,geeeeeeeeek/WeChatLuckyMoney,Java
101,changmingxie/tcc-transaction,Java
101,PanJiaChen/vue-admin-template,JavaScript
100,yangjie10930/EpMedia,C
100,laobie/StatusBarUtil,Java
100,jin10086/jin10086.github.io,CSS
100,gzu-liyujiang/AndroidPicker,Java
100,Tencent/wcdb,C
99,zhiyicx/plus-component-h5,Vue
99,wequick/Small,Java
99,the1812/Bilibili-Evolved,JavaScript
99,seajs/seajs,JavaScript
99,langsci/177,TeX
99,jdsjlzx/LRecyclerView,Java
99,buaase/Phylab-Web,PHP
99,akof1314/Wiz.Editor.md,JavaScript
99,Tencent/xLua,C
99,CoderZhuXH/XHLaunchAd,Objective-C
98,zhongmingmao/zhongmingmao.github.io,CSS
98,xxr5566833/Game,JavaScript
98,mohuangrui/ucasthesis,TeX
98,macanv/BERT-BiLSTM-CRF-NER,Python
98,goodrain/rainbond,Go
98,fxleyu/fxleyu.github.io,CSS
98,algorithm004-03/algorithm004-03,Java
98,SparxoOpenSource/Glood-ReactNative,JavaScript
98,SouthUp/CiniuWindowsClient,C#
98,SilenceLove/HXPhotoPicker,Objective-C
97,ustctug/ustcthesis,TeX
97,richardchien/coolq-http-api,C++
97,lyh543/lyh543.github.io,HTML
97,houtianze/bypy,Python
97,houshanren/hangzhou_house_knowledge,CSS
97,exacity/deeplearningbook-chinese,TeX
97,brookshi/Hitchhiker,TypeScript
97,Wechat-Group/WxJava,Java
97,MagicMashRoom/SuperCalendar,Java
96,shadowsocks/shadowsocks-qt5,C++
96,nkucs/teacher-frontend,Vue
96,mcc108/wecqupt,JavaScript
96,littleflute/weixin,HTML
96,hzuapps/html5-2018,CSS
96,huangyanbin/smartTable,Java
96,forkingdog/UITableView-FDTemplateLayoutCell,Objective-C
96,cisen/blog,HTML
96,chunhuitrue/chunhuitrue.github.io,CSS
96,buginux/WeChatRedEnvelop,Objective-C
96,CyC2018/CS-Notes,Java
95,steedos/records,CoffeeScript
95,sfyc23/EverydayWechat,Python
95,sendya/shadowsocks-panel,PHP
95,njyuanlang/ebike,CSS
95,nierunjie/nierunjie.github.io,HTML
95,listen1/listen1_desktop,JavaScript
95,knightliao/disconf,Java
95,dangdangdotcom/sharding-jdbc,Java
95,cocos-creator/creator-docs,CSS
95,MxABC/LBXScan,Objective-C
95,GangZhuo/BaiduPCS,Roff
95,75team/firekylin,TypeScript
94,policx/talk,CSS
94,nuysoft/Mock,JavaScript
94,linlinjava/litemall,Java
94,hugegraph/hugegraph,Java
94,SeriaWei/ZKEACMS.Core,TSQL
94,Huxpro/huxpro.github.io,CSS
93,osfans/trime,Java
93,nkucs/server,Python
93,elastos/Elastos.App.Wallet.Elephant.Android,Java
93,alibaba/anyproxy,JavaScript
92,zhengwenming/WMPlayer,Objective-C
92,qiwihui/hiwifi-ss,HTML
92,ibireme/YYKit,Objective-C
92,Trumeet/MiPushFramework,Java
92,Bytom/bytom,Go
91,yansongda/pay,PHP
91,phantomT/hexo-gitalk,JavaScript
91,fi3ework/hexo-theme-archer,CSS
90,ssseasonnn/RxDownload,Kotlin
90,sinaweibosdk/weibo_ios_sdk,HTML
90,looly/hutool,Java
90,ghostzhang/ghostzhang.github.io,JavaScript
90,bailicangdu/vue2-manage,Vue
90,alibaba/arthas,Java
90,Slontia/iCourse,Vue
89,vokins/yhosts,Batchfile
89,sorrycc/roadhog,JavaScript
89,metayx/metayx.github.io,CSS
89,lakeinchina/librestreaming,C
89,hyb1996/Auto.js,Java
89,alibaba/AndFix,C++
89,alibaba/AliOS-Things,C
89,ZhangHanDong/tao-of-rust-codes,Rust
89,EnterpriseOrganization/enterprise,JavaScript
88,saiwu-bigkoo/Android-ConvenientBanner,Java
88,netease-im/NIM_iOS_UIKit,Objective-C
88,macrozheng/mall,Java
88,ksvc/KSYMediaPlayer_Android,Java
88,h2y/Shadowrocket-ADBlock-Rules,Python
88,ginuerzh/gost,Go
88,angular/angular-cn,HTML
87,yanzhenjie/SwipeRecyclerView,Java
87,theme-next/hexo-theme-next,CSS
87,ricequant/rqalpha,Python
87,jinzhu/gorm,Go
87,gxvv/ex-baiduyunpan,JavaScript
87,elunez/eladmin,Java
87,drduan/minggeJS,JavaScript
87,d2-projects/d2-admin,JavaScript
87,changsanjiang/SJVideoPlayer,Objective-C
87,brpc/brpc,C++
86,xCss/Valine,JavaScript
86,vuejs/vue-router,JavaScript
86,vuejs/cn.vuejs.org,JavaScript
86,tencentyun/wafer2-startup,JavaScript
86,surmon-china/vue-quill-editor,JavaScript
86,simple-rtmp-server/srs,C++
86,saiwu-bigkoo/Android-PickerView,Java
86,ouqiang/gocron,Go
86,gsdios/SDAutoLayout,Objective-C
86,feilongfl/Cimoc,Java
85,yelog/yelog.github.io,HTML
85,techGay/v9porn,Java
85,notadd/notadd,TypeScript
85,lmk123/crx-selection-translate,HTML
85,liuruoze/EasyPR,C++
85,handsdirty/handsdirty.github.io,HTML
85,cnpm/cnpmjs.org,JavaScript
85,blinkfox/hexo-theme-matery,HTML
85,Tai7sy/card-system,PHP
85,SuperMonster003/Auto.js_Projects,JavaScript
85,QMUI/QMUI_Android,Java
85,NLPchina/elasticsearch-sql,Java
85,MoePlayer/DPlayer,JavaScript
84,zhixiaoqiang/fed-news-push,JavaScript
84,warriorWorld/MangaReader,Java
84,wangdahoo/vue-scroller,JavaScript
84,dxc-x/steigenberger,JavaScript
84,crazyandcoder/citypicker,Java
84,avwo/whistle,JavaScript
83,welliamcao/OpsManage,Python
83,wangrui460/WRNavigationBar,Objective-C
83,trazyn/weweChat,JavaScript
83,shardingjdbc/sharding-jdbc,Java
83,mengzhidaren/Vlc-sdk-lib,C
83,lingochamp/okdownload,Java
83,flike/kingshard,Go
83,didi/VirtualAPK,Java
83,QingdaoU/OnlineJudge,Python
82,ukui/hacking-test,C++
82,skywind3000/kcp,C
82,pujiaxin33/JXCategoryView,Objective-C
82,miao1007/Openwrt-NetKeeper,C++
82,lin-xin/vue-manage-system,Vue
82,liangliangyy/DjangoBlog,Python
82,elasticjob/elastic-job-lite,Java
82,ddxygq/ddxygq.github.io,HTML
82,cytle/wechat_web_devtools,HTML
82,bailicangdu/node-elm,JavaScript
82,baidu/amis,TypeScript
82,YunYang1994/tensorflow-yolov3,Python
82,WeBankPartners/we-cmdb,Java
82,Meituan-Dianping/Robust,Java
82,2remote/yaopai-mobile,JavaScript
81,zythum/mama2,JavaScript
81,surmon-china/vue-awesome-swiper,TypeScript
81,jpush/jpush-phonegap-plugin,JavaScript
81,gitalk/gitalk,JavaScript
81,g199209/g199209.github.io,HTML
81,forestparker/CMIS,Java
81,cosven/FeelUOwn,Python
81,chanjarster/weixin-java-tools,Java
81,Yudatech/yuda-ecrf,JavaScript
81,FXTD-ODYSSEY/FXTD-odyssey.github.io,HTML
81,Dawnnnnnn/bilibili-live-tools,Python
80,zlkbdotnet/zfaka,HTML
80,wufeifei/cobra,Python
80,vipshop/Saturn,Java
80,rdkmaster/jigsaw,TypeScript
80,flutterchina/dio,Dart
80,doramart/DoraCMS,JavaScript
80,cyfdecyf/cow,Go
80,buaazp/zimg,C
80,boxshadow/plus-component-web,Vue
80,Jv0id/jv0id.github.io,CSS
80,EastWorld/wechat-app-mall,JavaScript
79,zdhxiong/mdui,CSS
79,treadpit/wx_calendar,JavaScript
79,smart-signature/smart-signature-future,Vue
79,opsnull/follow-me-install-kubernetes-cluster,Shell
79,openatx/uiautomator2,Python
79,hackware1993/MagicIndicator,Java
79,hackschoolcn/hackschool,CSS
79,ecomfe/zrender,JavaScript
79,ckinmind/WebHub,HTML
79,bingoogolapple/BGABanner-Android,Java
79,azl397985856/leetcode,JavaScript
79,GrizzlyTechnology/grizzlyPersonalApp,Vue
78,yuzhiqiang1993/zxing,Java
78,viserjs/viser,TypeScript
78,sibbay-ai/medical,Jupyter Notebook
78,shenliyang/hexo-theme-snippet,CSS
78,magicblack/maccms10,PHP
78,jianghejie/XRecyclerView,Java
78,dongyuanxin/blog,JavaScript
78,default1406/PhyLab,PHP
78,dangdangdotcom/elastic-job,Java
78,cloudenergy/web-zft,Vue
78,chenjiandongx/pyecharts,Python
78,alibaba/vlayout,Java
78,Sunnyyoung/WeChatTweak-macOS,Objective-C
78,Sierkinhane/crnn_chinese_characters_rec,Python
78,JaxsonWang/WP-Editor.md,JavaScript
77,zhangyiming748/zhangyiming748.github.io,HTML
77,zblogcn/zblogphp,PHP
77,ysrc/xunfeng,Python
77,nashaofu/dingtalk,JavaScript
77,mipengine/mip2,JavaScript
77,leejaen/react-lz-editor,JavaScript
77,ksc-fe/kpc,JavaScript
77,hongyangAndroid/okhttp-utils,Java
77,fex-team/kityminder,JavaScript
77,baifendian/Sirius,JavaScript
77,baidu/tera,C++
77,ahonn/hexo-theme-even,CSS
77,Jrohy/multi-v2ray,Python
77,Go-zh/tour,Go
76,yangchaojiang/ZoomPreviewPicture,Java
76,xhzengAIB/MessageDisplayKit,Objective-C
76,shinnytech/tqsdk-python,Python
76,lenve/vhr,Java
76,hugegraph/hugegraph-hubble,TypeScript
76,buaa-2016/phyweb,HTML
76,XJ-GTD/GTD2,TypeScript
76,NashLegend/SourceWall,Java
75,ximsfei/Android-skin-support,Java
75,wisnuc/New_WisnucBox_iOS,Objective-C
75,weolar/miniblink49,C++
75,tiansh/yawf,JavaScript
75,teaey/spring-boot-starter-dubbo,Java
75,mixinan/mixinan.github.io,HTML
75,microsoft/vscode,TypeScript
75,lovebing/react-native-baidu-map,Java
75,gogf/gf,Go
75,echoyunqing/echoyunqing.github.io,CSS
74,yorkie/react-native-wechat,Objective-C
74,rickytan/RTRootNavigationController,Objective-C
74,newyjp/JPVideoPlayer,Objective-C
74,loremwalker/fq-book,Shell
74,lian-yue/vue-upload-component,Vue
74,ibireme/YYWebImage,Objective-C
74,antdesigner/accountcore,JavaScript
74,LaiFengiOS/LFLiveKit,Objective-C
74,Kisesy/gscan_quic,Go
74,DroidPluginTeam/DroidPlugin,Java
74,CyC2018/Interview-Notebook,Java
74,Caldis/Mos,Swift
74,BuddyRobots/BabyPlan,Ruby
73,youseries/urule,Java
73,xuliangzhan/vue-element-extends,JavaScript
73,think2011/localResizeIMG,JavaScript
73,shiyanlou/louplus-ml,Jupyter Notebook
73,pingcap/docs-cn,Shell
73,overtrue/laravel-wechat,PHP
73,oicebot/oicebot.github.io,JavaScript
73,kingsic/SGQRCode,Objective-C
73,jitamin/jitamin,PHP
73,isLishude/blog,HTML
73,alibaba/jstorm,Java
73,Vanthink-UED/vue-core-image-upload,Vue
73,Neilpang/acme.sh,Shell
73,Chyroc/WechatSogou,Python
72,shadowsocks/openwrt-shadowsocks,Makefile
72,rRetr0Git/rateMyCourse,JavaScript
72,ResourceHunter/BaiduPanDownloadWpf,C#
72,MustangYM/WeChatExtension-ForMac,Objective-C
72,AITTSMD/MTCNN-Tensorflow,Python
71,yanzhenjie/AndServer,Java
71,smuyyh/ImageSelector,Java
71,shwenzhang/AndResGuard,Java
71,myliang/x-spreadsheet,JavaScript
71,k0204/LuaIde,TypeScript
71,ifyouseewendy/duoduo,Ruby
71,happyfish100/fastdfs,C
71,gaoli/GGEditor,TypeScript
71,fuckcqcs/fuckcqcs,HTML
71,esterTion/Youku-HTML5-Player,JavaScript
71,dotnetcore/CAP,C#
71,cookieY/Yearning,Go
71,aui/artTemplate,JavaScript
71,amfe/lib-flexible,JavaScript
71,ZHENFENG13/My-Blog,Java
71,WenchaoD/FSCalendar,Objective-C
71,Suwings/MCSManager,JavaScript
71,Caldis/react-zmage,JavaScript
71,AirtestProject/Poco,Python
71,15838028035/bsweb,Java
70,xuuhaoo/OkSocket,Java
70,wuchong/jacman,CSS
70,rainx/pytdx,Python
70,mycncart/mycncart,PHP
70,ibireme/YYModel,Objective-C
70,hizzgdev/jsmind,JavaScript
70,bilibili/ijkplayer,C
70,WizTeam/WizQTClient,C
70,QMUI/QMUI_iOS,Objective-C
69,youzan/zanui-weapp,JavaScript
69,yanzhenjie/NoHttp,Java
69,xiaozhuxiong121/PGDatePicker,Objective-C
69,wszqkzqk/deepin-wine-ubuntu,C++
69,wklken/k-vim,Vim script
69,ruby-china/ruby-china,Ruby
69,nl8590687/ASRT_SpeechRecognition,Python
69,mozillazg/python-pinyin,Python
69,mingyun/mingyun.github.io,HTML
69,kaola-fed/megalo,JavaScript
69,dyc87112/spring-cloud-config-admin,Java
69,didi/cube-ui,JavaScript
69,computational-class/bigdata,Jupyter Notebook
69,Sogrey/Web-QA,Shell
69,Jude95/EasyRecyclerView,Java
69,HMBSbige/ShadowsocksR-Windows,C#
68,wildfirechat/ios-chat,Objective-C
68,hilongjw/vue-lazyload,JavaScript
68,didi/mand-mobile,Vue
68,cloudwu/skynet,C
68,cherubic/cherubic.github.com,HTML
68,baukh789/GridManager,JavaScript
68,aui/art-template,JavaScript
68,alibaba/HandyJSON,Swift
68,abigail830/togetherm,JavaScript
67,wandoulabs/codis,Go
67,sundy-li/wechat_brain,Go
67,selfteaching/the-craft-of-selfteaching,Jupyter Notebook
67,oldmanpushcart/greys-anatomy,Java
67,kessil/AutoXue,Python
67,iphone5solo/PYPhotoBrowser,Objective-C
67,clsaa/dop,Java
67,bmfe/eros,Vue
67,alipay/SoloPi,Java
67,RT-Thread/rt-thread,C
67,Qihoo360/pika,C++
67,JuncoJet/unlimited-landeng-for-win,C++
67,FanKaiqiang/FanKaiqiang.github.io,HTML
67,EtherDream/jsproxy,Shell
66,zhangxinxu/mobilebone,JavaScript
66,ydapp/ydapp,JavaScript
66,rwv/chinese-dos-games,Python
66,pymumu/smartdns,C
66,mogujie/TeamTalk,Objective-C
66,logoove/weui,JavaScript
66,jiangdongguo/AndroidUSBCamera,Java
66,hotoo/pinyin,JavaScript
66,gjmzj/kubeasz,Shell
66,bolan9999/react-native-largelist,JavaScript
66,ali-sdk/ali-oss,JavaScript
66,Kujiale-Mobile/Painter,JavaScript
66,HttpRunner/HttpRunnerManager,Python
66,CdqPT/cdqpt.github.io,HTML
65,xueyukeji/knowledgebase,JavaScript
65,scutan90/DeepLearning-500-questions,JavaScript
65,reactnativecn/react-native-pushy,C
65,pengjianbo/GalleryFinal,Java
65,madordie/madordie.github.io,HTML
65,hwdsl2/setup-ipsec-vpn,Shell
65,gesoftss/xyl,JavaScript
65,ecomfe/fecs,JavaScript
65,darkhandz/XPS15-9550-Sierra,Shell
65,chai2010/advanced-go-programming-book,Go
65,ascoders/react-native-image-viewer,TypeScript
65,aa112901/remusic,Java
65,XndroidDev/Xndroid,Java
65,Tencent/weui,CSS
65,OctopusLian/octopuslian.github.io,HTML
65,Cenmrev/V2RayX,Objective-C
65,100apps/openshare,Objective-C
64,zeusees/HyperLPR,C++
64,yichengchen/clashX,Swift
64,ui-llwell/w3b-s6m-cbec,JavaScript
64,razerdp/BasePopup,Java
64,qiuxiang/react-native-baidumap-sdk,Kotlin
64,onplus/shadowsocks-heroku,CoffeeScript
64,mipengine/mip-extensions,JavaScript
64,medcl/elasticsearch-analysis-pinyin,Java
64,huiyan-fe/mapv,JavaScript
64,heyui/heyui,Vue
64,happypeter/onestep,JavaScript
64,forsigner/fexo,CSS
64,forkingdog/FDFullscreenPopGesture,Objective-C
64,feelscoder/feelscoder.github.io,HTML
64,didi/chameleon,JavaScript
64,daliansky/daliansky.github.io,HTML
64,cunyu1943/cunyu1943.github.io,HTML
64,cocos-creator/engine,JavaScript
64,bodhiye/bodhiye.github.io,HTML
64,acgotaku/115,JavaScript
64,Zhaoss/WeiXinRecordedDemo,Java
64,SeaLoong/Bilibili-LRHH,JavaScript
64,Anankke/SSPanel-Uim,Smarty
63,wux-weapp/wux-weapp,JavaScript
63,qiubaiying/qiubaiying.github.io,HTML
63,o2team/o2team.github.io,JavaScript
63,lsbmzzz/lsbmzzz.github.io,CSS
63,jxtech/wechatpy,Python
63,jkpang/PPHub-Feedback,Swift
63,iphone5solo/PYSearch,Objective-C
63,helei112g/payment,PHP
63,guoxunbo/newbiest,Java
63,dreamerjackson/dreamerjackson.github.io,HTML
63,cafe3165/admin,Java
63,alibaba/fish-redux,Dart
63,BestACE/fed,JavaScript
62,studyzy/imewlconverter,C#
62,rilyu/teaset,JavaScript
62,qiniu/js-sdk,JavaScript
62,lijianfeigeek/lijianfeigeek.github.io,HTML
62,hongyangAndroid/AndroidAutoLayout,Java
62,dlinka/learn,Java
62,anyboo/Phoenix,C
62,Unknwon/the-way-to-go_ZH_CN,Go
62,Terry-Mao/goim,Go
62,Tencent/QMUI_iOS,Objective-C
62,TalkingData/fsd,CSS
62,JiongXing/PhotoBrowser,Swift
62,HIT-SCIR/ltp,Python
62,HFO4/Cloudreve,Go
61,xiqe/code-train,HTML
61,xiaoyanger0825/NiceVieoPlayer,Java
61,wendux/fly,JavaScript
61,system-design2019/system-design,CSS
61,sohutv/cachecloud,Java
61,shadowsocks/shadowsocks-iOS,Objective-C
61,lzghzr/bilive_client,TypeScript
61,longbaobao/blog,CSS
61,jinguojie-loongson/loongson-app,PHP
61,hzuapps/web-wechat-2019,CSS
61,gaussic/text-classification-cnn-rnn,Python
61,ffay/lanproxy,Java
61,cosname/cosx.org,HTML
61,baidu/san,JavaScript
61,apache/incubator-weex,C++
61,MiEcosystem/NewXmPluginSDK,Java
61,33cn/plugin,Go
60,zerosoul/blog.yangerxiao.com,JavaScript
60,xiaohaibin/XBanner,Java
60,wangyu-/UDPspeeder,C++
60,sth2018/FastWordQuery,Python
60,quericy/one-key-ikev2-vpn,Shell
60,qappleh/Web-Daily-Question,JavaScript
60,owner888/phpspider,PHP
60,leancloud/objc-sdk,Objective-C
60,icarusion/vue-book,Vue
60,guoyang123/shopping,Java
60,guoxunbo/client,JavaScript
60,ferventdesert/Hawk,C#
60,ecomfe/san,JavaScript
60,TevinLi/amWiki,JavaScript
60,CourseManagement/alpha,Java
60,Chatie/wechaty,TypeScript
60,2881099/csredis,C#
60,0xbug/Hawkeye,Vue
60,0x5e/wechat-deleted-friends,Python
59,zivenday/learning,HTML
59,wang-bin/QtAV,C++
59,ronggang/transmission-web-control,CSS
59,rolevax/mjpancake,QML
59,pili-engineering/PLDroidShortVideo,Java
59,notadd/neditor,JavaScript
59,kingsic/SGPagingView,Objective-C
59,hzuapps/web-wechat-2017,JavaScript
59,hollykunge/LarkServer,Java
59,dueeeke/DKVideoPlayer,Java
59,bm-x/PhotoView,Java
59,algorithm004-02/algorithm004-02,Java
59,WeBankPartners/wecube-plugins-prometheus,Go
59,Transcend3165/ActivityHelper,Java
58,zhou-you/RxEasyHttp,Java
58,xiao-xiaoming/DataStructure-BeautyOfAlgorithm,Python
58,surmon-china/vue-video-player,JavaScript
58,raytaylorlin/hexo-theme-raytaylorism,HTML
58,kun-g/reading,JavaScript
58,javamonkey/beetl2.0,Java
58,jasondu/wxa-plugin-canvas,JavaScript
58,buaaFlamenco/rateMyCourse,JavaScript
58,bingoogolapple/BGAPhotoPicker-Android,Java
58,Skyexu/TopSup,Python
58,Ourpalm/ILRuntime,C#
58,NetchX/Netch,C#
58,Meituan-Dianping/Logan,C
58,Anankke/ss-panel-v3-mod_Uim,Smarty
58,AIPaaS/PaaS-FE-Platform-Portal,Java
57,zyx0814/dzzoffice,PHP
57,wangyu-/udp2raw-tunnel,C++
57,vinci7/vinci7.github.io,JavaScript
57,tumashu/chinese-pyim,Emacs Lisp
57,hongyangAndroid/okhttputils,Java
57,gaoxiang12/slambook,C++
57,ericxu1983/AndroidPlayGround,Java
57,dubboclub/dubbokeeper,JavaScript
57,dodgepudding/wechat-php-sdk,PHP
57,daihaoxin/daihaoxin.github.io,HTML
57,burningcl/wechat_jump_hack,Java
57,Rokid/docs,C
57,PeakTai/vue-html5-editor,JavaScript
57,Morning-UI/morning-ui,Vue
57,LoveZYForever/HXWeiboPhotoPicker,Objective-C
57,LongWerLingShi/DataObtainingAndHandling,C#
57,LSKReno/LSKReno.github.io,HTML
57,JietingHuang/JietingHuang.github.io,HTML
57,AschPlatform/asch,JavaScript
57,12207480/TYAttributedLabel,Objective-C
56,yangshun1029/aria2gui,Objective-C
56,wmyskxz/wmyskxz.github.io,HTML
56,sjqzhang/go-fastdfs,Go
56,shalldie/vscode-background,TypeScript
56,printempw/blessing-skin-server,PHP
56,pinguo-zhouwei/MZBannerView,Java
56,leancloud/js-realtime-sdk,JavaScript
56,kaola-fed/blog,JavaScript
56,imsun/gitment,JavaScript
56,hanwckf/rt-n56u,C
56,eomsoft/teleport,Python
56,dta0502/dta0502.github.io,HTML
56,ddddxxx/LyricsX,Swift
56,chxj1992/kline,JavaScript
56,bo-blog/bw,PHP
56,billyhwd/CMWiki-3,HTML
56,aliyun/oss-browser,JavaScript
56,algorithm003/algorithm,C++
56,actboy168/YDWE,C++
56,Sunev/jinrou,CoffeeScript
56,Sogrey/Android_QA,Shell
55,yinxin630/fiora,TypeScript
55,yaphone/itchat4j,Java
55,xuemen/PSMD,HTML
55,xtlsheep/WallBreaker,Lua
55,wulabing/V2Ray_ws-tls_bash_onekey,Shell
55,wuchangming/spy-debugger,JavaScript
