3961,FortAwesome/Font-Awesome,JavaScript
2162,clouie87/test_release_notes,Ruby
1614,Microsoft/vscode,TypeScript
1537,AdguardTeam/AdguardFilters,Python
1533,zestedesavoir/zds-site,Python
1446,claroline/Distribution,PHP
1183,ThibaultLatrille/ControverSciences,HTML
1141,chrmarti/testissues,JavaScript
1037,RikkaApps/StorageRedirect-assets,Python
1016,betagouv/tps,Ruby
967,cockroachdb/cockroach,Go
935,pixelhumain/communecter,PHP
928,ansible/ansible,Python
924,pzia/vlm,JavaScript
891,MicrosoftDocs/azure-docs,PowerShell
880,v-l-m/vlm,JavaScript
878,uclouvain/osis,Python
866,axel584/ikurso,PHP
781,ElemeFE/element,Vue
777,pixelhumain/co2,PHP
692,kubernetes/kubernetes,Go
677,deathbybandaid/SpiceBot,Python
656,adsbypasser/adsbypasser,JavaScript
654,microsoft/ALAppExtensions,Perl
624,PapirusDevelopmentTeam/papirus-icon-theme,Shell
622,AccessiDys/AccessiDys,JavaScript
615,saltstack/salt,Python
613,Microsoft/ALAppExtensions,Perl
607,golang/go,Go
604,Microsoft/AL,PowerShell
599,rg3/youtube-dl,Python
599,betagouv/pass-culture-browser,JavaScript
590,alenapetsyeva/Tutorials-2,JavaScript
575,Kodi-vStream/venom-xbmc-addons,Python
573,CroissanceCommune/autonomie,JavaScript
569,SpiceBot/SpiceBot,Python
562,DISIC/wikidemarches,Java
554,sgmap/tps,Ruby
523,communicationartetmarges/art-et-marges,HTML
510,NixOS/nixpkgs,Nix
510,Imaginaerum/magento2-language-fr-fr,PHP
506,MajkiIT/polish-ads-filter,Rascal
467,KiwiHC16/Abeille,PHP
455,alexylem/jarvis,Shell
450,SciencesPo/isari,JavaScript
449,betagouv/mrs,Python
447,grafana/grafana,TypeScript
444,termux/termux-packages,Shell
444,EmjayAhn/SPARK_chat,HTML
438,laravel/framework,PHP
438,Microsoft/TypeScript,TypeScript
416,flutter/flutter,Dart
413,SocialGouv/code-du-travail-numerique,JavaScript
411,betagouv/dossiersco,Ruby
394,rust-lang/rust,Rust
392,rancher/rancher,Go
392,angular/angular,TypeScript
389,deepikasl/VT1,Python
387,nodejs/node,JavaScript
387,PnX-SI/GeoNature,TSQL
384,uclouvain/osis-portal,Python
383,elastic/elasticsearch,Java
373,dart-lang/sdk,Dart
363,hashicorp/terraform,Go
361,histovec/histovec-beta,CSS
350,aa989190f363e46d/zhernochemistry,Python
349,tensorflow/tensorflow,C++
349,eslint/eslint,JavaScript
345,TrinityCore/TrinityCore,C++
344,AshamaneProject/AshamaneCore,C++
343,grpc/grpc,C++
339,Heigvd/Wegas,JavaScript
330,GTNewHorizons/NewHorizons,ZenScript
327,Harmon758/Harmonbot,Python
319,leek-wars/leek-wars-client,Vue
315,wilsto/BoardOS,JavaScript
315,spyl94/epicerie-radar,JavaScript
315,snipe/snipe-it,PHP
314,magento/magento2,PHP
308,liufengyun/bench,Scala
308,godotengine/godot,C++
305,sgmap/mes-aides-ui,JavaScript
304,YetiForceCompany/YetiForceCRM,PHP
304,MarlinFirmware/Marlin,C++
303,LAB-MI/candilibV2,JavaScript
301,void-linux/void-packages,Shell
300,darkcode357/thg-framework,Python
297,medialab/website,JavaScript
297,elastic/kibana,TypeScript
295,smm1649/hello-world,MATLAB
295,betagouv/demarches-simplifiees.fr,Ruby
292,openfisca/openfisca-france,Python
291,facebook/react-native,JavaScript
286,dotnet/roslyn,C#
284,betagouv/preuve-covoiturage,TypeScript
271,python/python-docs-fr,Makefile
269,prilepski/pullrequest,Python
269,Irstea/collec,HTML
265,servo/servo,Rust
265,pluginsGLPI/formcreator,PHP
260,vuejs/vue,JavaScript
259,vuetifyjs/vuetify,TypeScript
259,oystparis/oyst-prestashop,PHP
258,SatelliteQE/robottelo,Python
253,SPW-DIG/metawal-core-geonetwork,Java
252,forkdelta/tokenbase,Python
252,RocketChat/Rocket.Chat,JavaScript
251,pytorch/pytorch,C++
251,ant-design/ant-design,TypeScript
249,Entware-ng/Entware-ng,C
245,angular/angular-cli,TypeScript
242,iview/iview,Vue
242,coreos/etcd,Go
241,gtoubiana/acte,JavaScript
235,NextDom/nextdom-core,PHP
235,ChavFDG/Stolons,CSS
234,microsoft/vscode,TypeScript
232,pojome/elementor,JavaScript
230,DTAFormation/pizzeria-app,Java
229,docker/docker,Go
228,joomla/joomla-cms,PHP
227,jerem1508/magical_ui,PHP
226,makinacorpus/accessimap-editeur-der,JavaScript
226,JuliaLang/julia,Julia
225,frappe/erpnext,Python
224,odoo/odoo,JavaScript
224,home-assistant/home-assistant,Python
223,jabberwooki/pnf,PHP
221,entrepreneur-interet-general/CIS-front,JavaScript
220,DefinitelyTyped/DefinitelyTyped,TypeScript
219,brave/browser-laptop,JavaScript
218,aa989190f363e46d/quizCensor,R
218,SPM587SP19/SCM587SP19,Java
217,git-spindle-test-vampire-1/whelk,Python
217,epfl-idevelop/jahiap,Python
217,FCare/Kronos,C++
216,telegramdesktop/tdesktop,C++
214,aspnet/AspNetCore,C#
213,voyages-sncf-technologies/hesperides,Java
213,firm1/zest-writer,Java
213,artragis/zds-site,Python
213,RMEx/RME,Ruby
212,PhilippePerret/FilmAnalyzor,JavaScript
211,balderdashy/sails,JavaScript
210,owncloud/core,PHP
210,nextcloud/server,PHP
210,geneanet/geneweb,OCaml
210,LordVenom/venom-xbmc-addons,Python
210,EnjoyYourBusiness/EnjoyYourBusiness.github.io,HTML
209,Hairfie/Website,JavaScript
208,radare/radare2,C
208,cgstudiomap/cgstudiomap,Python
206,varhub/JdeRobot,C++
204,PaddlePaddle/Paddle,Python
203,tristan/clojure-infix,Clojure
203,sequelize/sequelize,JavaScript
203,afup/web,TSQL
202,duniter/cesium,JavaScript
202,betagouv/syso,TypeScript
201,rashad79/atm-spring-boot-e0926,Shell
200,SocialGouv/emjpm,JavaScript
199,hazelcast/hazelcast,Java
199,NuGet/Home,HTML
198,wouldsmina/Libertempo,PHP
197,conda/conda,Python
196,mapbox/mapbox-gl-native,C++
196,Dolibarr/dolibarr,PHP
195,yiisoft/yii2,PHP
195,tarantool/tarantool,Lua
195,marshyski/example,JavaScript
194,facebook/jest,TypeScript
194,betagouv/civilsdeladefense,Ruby
191,tine20/Tine-2.0-Open-Source-Groupware-and-CRM,HTML
191,InnovaLangues/CollecticielBundle,PHP
189,gatsbyjs/gatsby,JavaScript
188,nuxt/nuxt.js,JavaScript
188,dtc-innovation/dataviz-finances-gironde,HTML
188,Talengi/phase,Python
187,openshift/origin,Go
187,kolekti/kolekti,Python
185,webjars/webjars,Scala
185,cockroachdb/docs,HTML
185,cafebabel/cafebabel.com,JavaScript
185,betagouv/competences-pro,JavaScript
184,webpack/webpack,JavaScript
183,FreeCodeCamp/FreeCodeCamp,JavaScript
182,lionheart/openradar-mirror,Python
180,symfony/symfony,PHP
180,LoneGazebo/Community-Patch-DLL,C++
178,pandas-dev/pandas,Python
178,centreon/centreon,PHP
177,dotnet/docs,PowerShell
177,bugmark-trial/trader1,Python
177,alenapetsyeva/alenatut,JavaScript
176,twbs/bootstrap,JavaScript
176,oncletom/nodebook,JavaScript
176,abes-esr/poc-fne,JavaScript
175,spring-projects/spring-boot,Java
174,opencart/opencart,PHP
174,department-of-veterans-affairs/caseflow,Ruby
174,Ayuget/Redface,HTML
173,Azure/azure-cli,Python
172,roiofthesuisse/Kujira-no-Hara,HTML
172,WildCodeSchool/orleans-0219-php-lavoliere,PHP
171,influxdata/influxdb,Go
171,CAUCA-9-1-1/survip,TypeScript
170,orientechnologies/orientdb,Java
170,PrestaShop/PrestaShop,PHP
170,EditionsDuRouergue/lerouergue,PHP
170,CleverRaven/Cataclysm-DDA,C++
169,qbittorrent/qBittorrent,C++
167,zeit/next.js,JavaScript
167,vuejs/vue-cli,JavaScript
167,sgmap/mpal,HTML
166,lxc/lxd,Go
166,esp8266/Arduino,C++
166,ant-design/ant-design-pro,TypeScript
166,Geoportail-Luxembourg/geoportailv3,JavaScript
165,docker/compose,Python
164,storybooks/storybook,TypeScript
164,metabase/metabase,Clojure
164,Libertempo/Libertempo-web,PHP
163,georchestra/cadastrapp,Java
163,elefan-grenoble/gestion-compte,PHP
162,fsimmend/github-issues-plugin,Java
162,angular/material,JavaScript
162,BSData/wh40k,Gosu
161,spyder-ide/spyder,Python
161,dotCMS/core,Java
161,atom/atom,JavaScript
161,ampproject/amphtml,JavaScript
161,Microsoft/vcpkg,C++
160,fusioninventory/fusioninventory-for-glpi,PHP
159,systemd/systemd,C
158,electron/electron,C++
158,YesWiki/yeswiki,PHP
158,PnVanoise/cables,JavaScript
156,entrepreneur-interet-general/gobelins,HTML
156,angular/material2,TypeScript
156,Bludwarf/cuetube,TypeScript
156,Automattic/wp-calypso,JavaScript
155,geneontology/go-ontology,Shell
154,snwh/paper-icon-theme,Python
154,quasarframework/quasar,JavaScript
154,AeroScripts/QuestieDev,Lua
153,l-atelier-des-chercheurs/dodoc,Vue
153,KissKissBankBank/kitten,JavaScript
151,Aymkdn/assistant-plugins,JavaScript
150,fabrice126/wasabi_project,JavaScript
150,bit101/lab,JavaScript
149,rapid7/metasploit-framework,Ruby
149,rails/rails,Ruby
148,swSSO/swsso,C++
148,dbeaver/dbeaver,Java
147,remijean/ZwiiCMS,PHP
146,raffenet/mpich,C
146,etalab/transport-site,Elixir
145,sbk-linus/testprojekt,JavaScript
145,reek/anti-adblock-killer,JavaScript
145,appium/appium,JavaScript
144,vscode-icons/vscode-icons,TypeScript
144,SCons/scons,Python
144,AtelierCartographie/eatlas,JavaScript
143,zephyrproject-rtos/zephyr,C
143,getinsomnia/insomnia,JavaScript
143,ethereum/go-ethereum,Go
142,zimmermegan/smarda,Python
142,fastlane/fastlane,Ruby
142,RopiMons/siteWebV2,PHP
141,osmandapp/Osmand,Java
141,ccxt/ccxt,JavaScript
141,bazelbuild/bazel,Java
141,GRIS-UdeM/SpatGRIS,C++
140,GFI-Informatique/cadastrapp,Java
139,vmware/vic,Go
139,eclipse/che,Java
139,MicrosoftDocs/vsts-docs,Shell
138,kube-HPC/cd-manager,Shell
138,hurricup/Perl5-IDEA,Perl
138,go-gitea/gitea,Go
138,eclipse/jetty.project,Java
138,covoiturage-libre/covoiturage-libre,Ruby
138,ansible/ansible-modules-core,Python
137,srmrox/comsats-fyp,JavaScript
136,zhhlwd/zhhlwd.github.io,HTML
136,rbind/support,CSS
136,primefaces/primeng,CSS
136,mangaki/mangaki,Python
136,jhipster/generator-jhipster,JavaScript
136,istio/istio,Go
136,glpi-project/glpi,PHP
135,heartnotation/heartnotation,TypeScript
135,dscdac/PlayCanvas-Project,JavaScript
135,babel/babel,JavaScript
135,airyland/vux,Vue
135,EOSIO/eos,C++
133,seb-martin/anfh-ge-api-temp,HTML
133,dmlc/mxnet,C++
132,spesmilo/electrum,Python
132,maieul/ledmac,TeX
132,WildCodeSchool/orleans-0918-php-cafes-eric,PHP
132,SPM587FA19/SCM587FA19,Java
132,SDIS62/prevarisc,PHP
132,FACT-Team/FactDev,C++
131,XX-net/XX-Net,Python
130,kogg/instant-logos,JavaScript
130,deeplearning4j/deeplearning4j,Java
130,PX4/Firmware,C++
130,Jackett/Jackett,C#
129,notepad-plus-plus/notepad-plus-plus,C++
129,electron-userland/electron-builder,TypeScript
129,e107inc/e107,PHP
128,dtc-innovation/dataviz-finances-montreuil,JavaScript
128,PnX-SI/TaxHub,HTML
128,PhilJay/MPAndroidChart,Java
128,GoogleChrome/lighthouse,JavaScript
128,AlternC/AlternC,PHP
127,phpipam/phpipam,PHP
127,nim-lang/Nim,Nim
127,mautic/mautic,PHP
127,endless-sky/endless-sky,C++
127,d3athrow/vgstation13,DM
127,assemblee-virtuelle/Semapps,JavaScript
127,apache/incubator-mxnet,C++
127,BlackArch/blackarch,Shell
126,night/BetterTTV,JavaScript
126,fpco/stackage,Dockerfile
126,SAP/cloud-commerce-spartacus-storefront,TypeScript
125,syl20bnr/spacemacs,Emacs Lisp
125,neovim/neovim,Vim script
125,jonathan-patalano/blog-api,TypeScript
124,sympy/sympy,Python
124,mapbox/mapbox-gl-js,JavaScript
124,hpruvot/dys-proj,HTML
124,facebook/flow,OCaml
124,chamilo/chamilo-lms,PHP
124,betagouv/mes-aides-ui,JavaScript
124,Laurux/Laurux,TSQL
123,numixproject/numix-core,Python
123,influxdata/telegraf,Go
123,PowerShell/PowerShell,C#
123,NodeBB/NodeBB,JavaScript
123,Courseplay/courseplay,Lua
123,Azure/azure-powershell,C#
122,vitamin-caig/zxtune,C++
122,terraform-providers/terraform-provider-aws,Go
122,swagger-api/swagger-codegen,HTML
122,sarahgarcin/dodoc,Vue
122,prettier/prettier,JavaScript
122,ncw/rclone,Go
122,hashicorp/nomad,Go
122,haffonist/igamt,Java
122,facebook/react,JavaScript
122,espressif/esp-idf,C
122,ekylibre/ekylibre,Ruby
122,ThemeFuse/Unyson,PHP
121,typeorm/typeorm,TypeScript
121,helm/charts,Go
121,OrifInformatique/gestion_questionnaires,PHP
121,NativeScript/NativeScript,TypeScript
120,yunai39/WizardsAlley,CSS
120,streamlink/streamlink,Python
120,mpv-player/mpv,C
120,hattrick-french-dtn/dtn-interface,PHP
120,Trigunale/PFE_Facilitation_agile,JavaScript
120,SynoCommunity/spksrc,Makefile
120,CartoDB/cartodb,JavaScript
119,mart1ver/oressource,PHP
119,cypress-io/cypress,JavaScript
119,HE-Arc/PayPixPlace,Python
119,Ar1i/PokemonGo-Bot,C#
118,yjacques940/customerManager,JavaScript
118,simple-icons/simple-icons,HTML
118,pingcap/tidb,Go
118,department-of-veterans-affairs/va.gov-team,HTML
118,dash66/Carrosserie,HTML
118,chummer5a/chummer5a,C#
118,Automattic/mongoose,JavaScript
117,isogeo/isogeo-plugin-qgis,Python
117,genodelabs/genode,C++
117,dvoitsek/recolnat-lab,JavaScript
117,docker/docker.github.io,HTML
117,Yoast/wordpress-seo,PHP
117,WebTales/rubedo,PHP
117,Naereen/cuisine,Python
117,IssouProjects/PLD-Agile,Java
117,Futurolan/ga-website,PHP
116,sgmap/cout-embauche,JavaScript
116,realm/SwiftLint,Swift
116,pytest-dev/pytest,Python
116,keybase/client,Go
116,assomaker/manifmaker,JavaScript
116,Agorex-io/Tokens,Python
115,sgmap/beta.gouv.fr,HTML
115,prestodb/presto,Java
115,librenms/librenms,PHP
115,driftyco/ionic,TypeScript
115,bugmaker31/planCharge,Java
115,WildCodeSchool/orleans-0918-php-labo,PHP
115,OrchardCMS/OrchardCore,C#
115,IGNF/geoportal-extensions,JavaScript
115,3liz/QgisCadastrePlugin,QML
114,umijs/umi,TypeScript
114,topinambours/takenoko,Java
114,jenkins-x/jx,Go
114,conan-io/conan,Python
114,coingecko/cryptoexchange,Ruby
114,abrege/lerouergue,PHP
114,HEB-ESI/dev1,TeX
114,CDJ11/CDJ,Ruby
113,woocommerce/woocommerce,PHP
113,runelite/runelite,Java
113,primefaces/primefaces,JavaScript
113,inorichi/tachiyomi,Kotlin
113,eggjs/egg,JavaScript
112,ybiumu/tranquil-plains-5090,Ruby
112,uBlockOrigin/uAssets,Shell
112,timgrossmann/InstaPy,Python
112,tananaev/traccar,Java
112,idaholab/moose,C++
112,foosel/OctoPrint,Python
112,aspnet/EntityFrameworkCore,C#
112,GDG-Nantes/devFestSite-2015,HTML
112,FreshRSS/FreshRSS,PHP
111,pluxml/PluXml,PHP
111,ballerina-platform/ballerina-lang,Java
111,ShareX/ShareX,C#
111,S2-DarkRoom/Projet,C#
111,Piwigo/Piwigo,PHP
111,GoogleChrome/puppeteer,TypeScript
110,tgstation/tgstation,DM
110,itchio/itch,TypeScript
110,invoiceninja/invoiceninja,PHP
110,firehol/netdata,C
110,caskroom/homebrew-cask,Ruby
110,BlueForestTrees/trees,JavaScript
109,tldr-pages/tldr,Shell
109,tensorflow/models,Python
109,serverless/serverless,JavaScript
109,recipyhq/recipy,Ruby
109,open-learning-exchange/planet,TypeScript
109,iqhlz7/PHP,XSLT
109,etalab/adresse.data.gouv.fr,JavaScript
109,docker/kitematic,JavaScript
109,brave/brave-browser,JavaScript
109,InfiniteFlightAirportEditing/Navigation,Python
108,rathena/rathena,C++
108,instedd/ask,Elixir
108,eclipse/openj9,Java
108,alibaba/druid,Java
107,thb/covoiturage-libre-rails5,Ruby
107,octo-web-front-end-tribe/octo-job-board,JavaScript
107,naver/pinpoint,Java
107,logscl/nicobot-slack,Java
107,jabberwooki/crealead,PHP
107,elastic/logstash,Ruby
107,aspnet/EntityFramework,C#
107,appsgate2015/appsgate,Java
107,SAPDocuments/Tutorials,Jupyter Notebook
107,PnEcrins/GeoNature,TSQL
107,PhilippePerret/Icare_AD,Ruby
107,MISP/MISP,PHP
107,HEG-Arc/MiCorr,Python
106,nylas/N1,JavaScript
106,minetest/minetest,C++
106,linode/manager,TypeScript
106,etalab/ban-data,Shell
106,arendst/Sonoff-Tasmota,C
106,WildCodeSchool/orleans-0919-php-countryclub,HTML
105,praqma-training/code-academy-phlow-demo,Java
105,lluc/Telemeta,Python
105,inverse-inc/packetfence,Perl
105,flux-framework/flux-core,C
105,ecomfe/echarts,JavaScript
105,CPNV-ES/NumerikGames,PHP
105,AlexeyAB/darknet,C
104,telabotanica/naturadapt,PHP
104,scikit-learn/scikit-learn,Python
104,palantir/tslint,TypeScript
104,katsenkatorz/ProjetIMIE,PHP
104,hashicorp/consul,Go
104,ckeditor/ckeditor5,Rich Text Format
104,GDG-Nantes/devFestSite-2016,HTML
103,soosyze/soosyze,PHP
103,laclasse-com/service-cahiertextes,TypeScript
103,hashicorp/vault,Go
103,aspnetboilerplate/aspnetboilerplate,C#
103,arangodb/arangodb,C++
103,SleepyTrousers/EnderIO,Java
103,PnEcrins/GeoNature-atlas,JavaScript
103,PartiPirate/congressus,PHP
102,trollepierre/recontact_travel_blog,JavaScript
102,terra-arcana/terra-arcana,JavaScript
102,syndesisio/syndesis,Java
102,siacs/Conversations,Java
102,octocat/Spoon-Knife,HTML
102,lucko/LuckPerms,Java
102,lodash/lodash,JavaScript
102,concourse/concourse,Go
102,aspnet/Docs,C#
102,appveyor/ci,PowerShell
102,ProtectionCivile/intranet-protection-civile,PHP
102,Monika-After-Story/MonikaModDev,Ren'Py
102,Kozea/gibolt,Python
102,AugurProject/augur,TypeScript
102,AnaelMobilia/NextINpact-Unofficial,Java
101,zulip/zulip,Python
101,abantecart/abantecart-src,PHP
101,Fyrd/caniuse,JavaScript
101,FPierre/dot_api,Ruby
101,2p2r/velobs_web,JavaScript
100,microsoft/vcpkg,C++
100,google/material-design-lite,HTML
100,WordPress/gutenberg,JavaScript
100,PrairieLearn/PrairieLearn,JavaScript
100,IntelRealSense/librealsense,C++
99,xdze2/OSM_et_Wikidata,Jupyter Notebook
99,scylladb/scylla,C++
99,meteor/meteor,JavaScript
99,edenhill/librdkafka,C
99,centreon/centreon-plugins,Perl
99,bitpay/copay,TypeScript
99,arduino/Arduino,Java
99,The-Sequence-Ontology/SO-Ontologies,Makefile
99,TeamNewPipe/NewPipe,Java
99,Skycoin-cp/skycoin,Go
99,SeleniumHQ/selenium,Java
99,IdentityServer/IdentityServer4,C#
99,Graylog2/graylog2-server,Java
99,Blesfia/GCodes,CSS
98,volkanceylan/Serenity,C#
98,sphinx-doc/sphinx,Python
98,rundeck/rundeck,Groovy
98,pkp/pkp-lib,PHP
98,libretro/RetroArch,C
98,fish-shell/fish-shell,Shell
98,automatedb/webmarkeet,PHP
98,Sriki13/pfe-terrain-gen,Java
98,Jeedom-Zigate/jeedom-plugin-zigate,PHP
97,tgriesser/knex,JavaScript
97,square/okhttp,Java
97,otavanopisto/muikku,Java
97,l-atelier-des-chercheurs/Les-Cahiers-du-Studio,JavaScript
97,inorichi/tachiyomi-extensions,Kotlin
97,gantry/gantry5,PHP
97,etraxis/etraxis,PHP
96,westnordost/StreetComplete,Kotlin
96,theia-ide/theia,TypeScript
96,scardonau/protractor-workshop-2017,TypeScript
96,mperham/sidekiq,Ruby
96,mantidproject/mantid,C++
96,hasura/graphql-engine,Haskell
96,fchollet/keras,Python
96,composer/composer,PHP
96,broncowdd/BoZoN,PHP
96,OpenAPITools/openapi-generator,Java
96,Glavin001/atom-beautify,CoffeeScript
96,GRIS-UdeM/ServerGRIS,C
96,Baystation12/Baystation12,DM
95,yarnpkg/yarn,JavaScript
95,tootsuite/mastodon,Ruby
95,publiclab/plots2,Ruby
95,google/ExoPlayer,Java
95,feathericons/feather,JavaScript
95,entrepreneur-interet-general/site-eig,CSS
95,dask/dask,Python
95,cBioPortal/cbioportal,JavaScript
95,bokeh/bokeh,Python
95,The-game-craftmen/reliquiasinsulae,JavaScript
95,TEAMMATES/teammates,Java
94,ytdl-org/youtube-dl,Python
94,ray-project/ray,Python
94,openwrt/packages,Makefile
94,mwvaughn/tapis-cli-ng,Python
94,microsoft/terminal,C++
94,jeedom/core,PHP
94,fritecraft/Config,Shell
94,WildCodeSchool/orleans-0918-php-cestmamaison,JavaScript
94,Radarr/Radarr,C#
94,PokemonGoF/PokemonGo-Bot,Python
93,unfoldingWord-dev/translationCore,JavaScript
93,trueos/trueos-core,Shell
93,borgbackup/borg,C
93,bitcoin/bitcoin,C++
93,agilepaysbasquedev/site-web,HTML
93,Ultimaker/Cura,Python
93,PackYourSkills/websitev1,Ruby
93,Lunat1q/Catchem-PoGo,C#
93,JeffreyWay/laravel-mix,JavaScript
92,uikit/uikit,CSS
92,taniman/profit-trailer,Shell
92,sreeram66/RooHub-Team8,JavaScript
92,sourcegraph/sourcegraph,Go
92,seenthis/seenthis_squelettes,PHP
92,opnsense/core,PHP
92,n7consulting/Incipio,PHP
92,WildCodeSchool/orleans-0918-php-metiers-du-numerique,PHP
92,WildCodeSchool/Lyon-0917-MarketingAutomation,CSS
91,voyages-sncf-technologies/hesperides-gui,JavaScript
91,swoole/swoole-src,C++
91,sveltejs/svelte,JavaScript
91,strapi/strapi,JavaScript
91,ikedaosushi/tech-news,JavaScript
91,guillermooo/Six,Python
91,cilium/cilium,Go
91,callemall/material-ui,JavaScript
91,OptimalBits/bull,JavaScript
91,Microsoft/CNTK,C++
91,Cacti/cacti,PHP
90,vgstation-coders/vgstation13,DM
90,sysmoh/intranetBS,PHP
90,svergeylen/collector,Ruby
90,serge-rider/dbeaver,Java
90,ntop/ntopng,Lua
90,mesosphere/marathon,Scala
90,kelseyhightower/nocode,Dockerfile
90,humhub/humhub,PHP
90,dzhw/metadatamanagement,Java
90,cocos2d/cocos2d-x,C++
90,certbot/certbot,Python
90,cakephp/cakephp,PHP
90,axel584/samopiniuloj-por-android,Java
90,aspnet/Home,C#
90,HandBrake/HandBrake,C
90,FlyingPikachu/Quests,Java
90,Chartes-TNAH/patrologia_latina-dev,HTML
89,uclouvain/osis-louvain,Python
89,terraform-providers/terraform-provider-azurerm,Go
89,prometheus/prometheus,Go
89,mozilla/addons-server,Python
89,mailcow/mailcow-dockerized,PHP
89,gradle/gradle,Groovy
89,freeCodeCamp/freeCodeCamp,JavaScript
89,WildCodeSchool/orleans-0218-labo,PHP
88,tendermint/tendermint,Go
88,mirumee/saleor,Python
88,magix-cms/magixcms-3,PHP
88,harishamdani/TestRepo,XML
88,gorhill/uBlock,JavaScript
88,betaflight/betaflight,C
88,WildCodeSchool/orleans-0218-entreloups,PHP
88,Microsoft/vscode-python,TypeScript
88,Codeception/Codeception,PHP
88,996icu/996.ICU,Rust
87,yandex/ClickHouse,C++
87,truonglv-eva/truong-project,Go
87,tmux/tmux,C
87,pawelsalawa/sqlitestudio,C
87,getsentry/sentry,Python
87,colebemis/feather,JavaScript
87,WildCodeSchool/orleans-0218-cameleon,PHP
87,Semantic-Org/Semantic-UI,JavaScript
87,ParsePlatform/parse-server,JavaScript
87,OpenRA/OpenRA,C#
87,HaxeFoundation/haxe,Haxe
87,HabitRPG/habitrpg,JavaScript
87,DTAFormation/dtaformation.github.io,JavaScript
87,ChurchCRM/CRM,PHP
87,Chronomodel/chronomodel,C++
86,zfsonlinux/zfs,C
86,w0rp/ale,Vim script
86,tdumais23/bro-bot,C++
86,tatfook/keepwork,Vue
86,rsyslog/rsyslog,C
86,openssl/openssl,C
86,opencv/opencv,C++
86,ipfs/go-ipfs,Go
86,highcharts/highcharts,TypeScript
86,elmsln/elmsln,PHP
86,dresden-elektronik/deconz-rest-plugin,C++
86,archlinuxcn/repo,Shell
86,Polymer/tools,TypeScript
86,Kozea/www-pharminfo,CSS
85,vector-im/riot-web,HTML
85,surveyjs/surveyjs,TypeScript
85,salesagility/SuiteCRM,PHP
85,laurent22/joplin,JavaScript
85,influxdb/influxdb,Go
85,gaow/genetic-analysis-software,HTML
85,facebookincubator/create-react-app,JavaScript
85,chartjs/Chart.js,JavaScript
85,Unitech/pm2,JavaScript
85,InnovaLangues/ENPA,PHP
85,GoogleCloudPlatform/kubernetes,Go
85,BluSunrize/ImmersiveEngineering,Java
84,unaio/una,PHP
84,stylelint/stylelint,JavaScript
84,pouchdb/pouchdb,JavaScript
84,parcel-bundler/parcel,JavaScript
84,jasperges/2d_animation_tools,Python
84,dinfcll/sachem,JavaScript
84,craftcms/cms,PHP
84,chartes/adele-app,TSQL
84,chapel-lang/chapel,Chapel
84,SocialGouv/code-du-travail-backoffice,JavaScript
84,Puyb/inscriptions_roller,JavaScript
84,OfficeDev/office-ui-fabric-react,TypeScript
84,Fonctionnaire/Groupe23,JavaScript
84,ElemeFE/mint-ui,Vue
83,vuejs/vue-router,JavaScript
83,scipy/scipy,Python
83,rethinkdb/rethinkdb,C++
83,mrdoob/three.js,JavaScript
83,haloh9/blog-api,TypeScript
83,doxygen/doxygen,C++
83,digitalocean/netbox,Python
83,Project-OSRM/osrm-backend,C++
83,ONRR/doi-extractives-data,JavaScript
83,Microsoft/BotBuilder,Python
83,GeoHealth/HAppi_mobile,TypeScript
83,GRIS-UdeM/Octogris,C++
83,Azure/azure-sdk-for-python,Python
83,ADEPT-Informatique/lan.adeptinfo.ca,PHP
82,spring-cloud/spring-cloud-netflix,Java
82,rtfd/readthedocs.org,Python
82,reactioncommerce/reaction,JavaScript
82,philiprbrenan/CarsCranesTrucksTrains,HTML
82,oceanomics/ecotaxa_dev,JavaScript
82,libreosteo/Libreosteo,Python
82,gogits/gogs,Go
82,gitcoinco/web,JavaScript
82,desktop/desktop,TypeScript
82,ccnum/plugin_thematique_laclasse,HTML
82,ahmedBassell/ahmedBassell.github.io,Vue
82,IdentityServer/IdentityServer3,C#
82,DonSchenck/PoshStack,PowerShell
82,BoostIO/Boostnote,JavaScript
81,wet-boew/wet-boew,HTML
81,tidusjar/Ombi,C#
81,sysown/proxysql,C++
81,sqlmapproject/sqlmap,Python
81,sirlag/WarframeAlerts,Java
81,pypa/pipenv,Python
81,openshift/openshift-ansible,Python
81,microsoftgraph/microsoft-graph-docs,PowerShell
81,learningequality/kolibri,Python
81,k0shk0sh/FastHub,Java
81,gti525/h19-banque-1,Vue
81,geobretagne/mviewer,CSS
81,facebook/create-react-app,JavaScript
81,epfl-idevelop/elements,HTML
81,dotnet/orleans,C#
81,boto/boto3,Python
81,airpaca/CIGALE,JavaScript
81,ThemeFuse/Brizy,JavaScript
81,SharePoint/sp-dev-docs,PowerShell
81,OpenNos/OpenNos,C#
81,OCSInventory-NG/OCSInventory-ocsreports,PHP
81,Ninadjeret/pokematos-app,PHP
81,LoupHC/controleur-CAPE,C++
81,CEREMA/com.cerema.sapei,JavaScript
80,xebia-france/xskillz-v2,JavaScript
80,webpack-china/webpack.js.org,JavaScript
80,ttben/pfe-ecoknowledge,Java
80,status-im/status-react,Clojure
80,soulcramer/Soone,JavaScript
80,openturns/openturns,Jupyter Notebook
80,okulbilisim/ojs,PHP
80,mesonbuild/meson,Python
80,matplotlib/matplotlib,Python
80,maladesimaginaires/intnetviz,JavaScript
80,f8kgl/swr_power_meter,Assembly
80,bitfocus/companion,JavaScript
80,adobe/brackets,JavaScript
80,adobbels/rails-tribes,Ruby
80,Sumsun93/WorldTourBack,JavaScript
80,PhilippePerret/Script-design,JavaScript
80,CAUCA-9-1-1/survip-mobile,TypeScript
80,AmauriC/tarteaucitron.js,JavaScript
80,Alamofire/Alamofire,Swift
79,wazuh/wazuh,C
79,pachyderm/pachyderm,Go
79,lefevre00/parking,JavaScript
79,larmarange/analyse-R,HTML
79,fifafu/BetterTouchTool,JavaScript
79,espressif/arduino-esp32,C
79,candango/myfuses,PHP
79,OpenLiberty/open-liberty,Java
78,seinecle/codapps,Java
78,sass/node-sass,C++
78,gocd/gocd,Java
78,cubecart/v6,PHP
78,PnX-SI/GeoNature-citizen,TypeScript
78,NervJS/taro,JavaScript
78,NaturalHistoryMuseum/scratchpads2,PHP
78,Dogfalo/materialize,JavaScript
77,tpm2-software/tpm2-tools,C
77,tonsky/FiraCode,Clojure
77,theodi/ODI-eLearning,JavaScript
77,the-control-group/voyager,PHP
77,request/request,JavaScript
77,oystparis/oyst-1click-magento,PHP
77,numpy/numpy,C
77,nopSolutions/nopCommerce,C#
77,nestjs/nest,TypeScript
77,mineraux/make-bench-great-again,TypeScript
77,emqtt/emqttd,Erlang
77,Vayel/GUCEM-BVC,Python
77,OPM/ResInsight,C++
77,EdenServer/community,Lua
76,vmware/harbor,Go
76,syncthing/syncthing,Go
76,satijalab/seurat,R
76,owncloud/client,C++
76,mitchellh/vagrant,Ruby
76,k9mail/k-9,Java
76,jupyterlab/jupyterlab,JavaScript
76,dvajs/dva,JavaScript
76,dotnet/core,Shell
76,ccharlier/orionbanque,C#
76,boisgera/CDIS,Jupyter Notebook
76,aymericbouzy/balise,JavaScript
76,Rdatatable/data.table,C
76,NuGet/NuGetGallery,C#
76,Nexus-Mods/Vortex,TypeScript
76,Microsoft/vscode-cpptools,TypeScript
76,InnovaLangues/self,PHP
76,GoogleCloudPlatform/google-cloud-cpp,C++
76,FCare/yabause,C++
76,BANOnotIT/helpdesk,CSS
76,ARMmbed/mbed-os,C
75,youzan/vant,JavaScript
75,terraform-providers/terraform-provider-google,Go
75,simde-utc/portail,PHP
75,saltstack/salt-jenkins,SaltStack
75,rabbitmq/rabbitmq-server,Erlang
75,openshiftio/openshift.io,HTML
75,openbmc/openbmc,Python
75,obophenotype/human-phenotype-ontology,Makefile
75,mavlink/qgroundcontrol,C++
75,jekyll/jekyll,Ruby
75,ionic-team/ionic,TypeScript
75,ibmiiste/I_builder,TSQL
75,etalab/cadastre,JavaScript
75,besongsamuel/eapp,HTML
75,archetyped/simple-lightbox,PHP
75,WildCodeSchool/orleans-0218-recipereminder,HTML
75,Ventouz/Fritecraft,Shell
75,VCVRack/Rack,C++
75,Sylius/Sylius,PHP
75,Mashape/kong,Lua
75,KC3Kai/KC3Kai,JavaScript
75,AlexandreDecan/Lexpage,Python
74,zenodo/zenodo,Python
74,yartff/C-Exceptions,C
74,wso2/product-is,Java
74,visit-dav/visit,C
74,smeighan/xLights,C++
74,shoulders/qwcrm,PHP
74,openbmc/openbmc-test-automation,RobotFramework
74,nodemcu/nodemcu-firmware,C
74,lassevk/lvk,C#
74,jens-maus/yam,C
74,ernestio/ernest,Gherkin
74,chokcoco/CSS-Inspiration,JavaScript
74,Ysurac/openmptcprouter,Roff
74,PhilippePerret/FilmsAnalyse,JavaScript
74,Koenkk/zigbee2mqtt,JavaScript
74,Insoumis/programme-macron,XSLT
74,Homebrew/homebrew-core,Ruby
74,Highbrainer/jeevaneo,HTML
74,CocoaPods/CocoaPods,Ruby
74,ApolloAuto/apollo,C++
74,3liz/lizmap-web-client,PHP
73,wenzhixin/bootstrap-table,JavaScript
73,raiden-network/raiden,Python
73,pygments/pygments-migration-test,Python
73,portainer/portainer,JavaScript
73,pantsbuild/pants,Python
73,naparuba/opsbro,Python
73,mitodl/micromasters,Python
73,micropython/micropython,C
73,kblok/puppeteer-sharp,C#
73,jOOQ/jOOQ,TSQL
73,firefly-iii/firefly-iii,PHP
73,eclipse/smarthome,Java
73,danleech/simple-icons,HTML
73,broadinstitute/cromwell,Scala
73,artf/grapesjs,JavaScript
73,apache/incubator-superset,Python
73,akka/akka,Scala
73,Microsoft/PTVS,C#
73,Meituan-Dianping/mpvue,JavaScript
73,Komodo/KomodoEdit,Python
73,IvoCostaCunha/7Merveilles,Java
73,Gouga34/TERM1_Poker,C++
73,Entware/Entware,C
72,yoution/.vim,VimL
72,vzwingma/gestion-budget,Java
72,phpmyadmin/phpmyadmin,PHP
72,ornicar/lila,Scala
72,openucx/ucx,C
72,mne-tools/mne-python,Python
72,makinacorpus/accessimap-lecteur-der,JavaScript
72,jgm/pandoc,Haskell
72,infra-geo-ouverte/igo2,TypeScript
72,ethereum/mist,JavaScript
72,crystal-lang/crystal,Crystal
72,catapult-project/catapult,HTML
72,WildCodeSchool/orleans-0918-php-shinjuku,JavaScript
72,TryGhost/Ghost,JavaScript
72,PowerDNS/pdns,C++
72,NMGRL/pychron,Python
72,HumanTalks/humantalks-admin,HTML
72,EFForg/https-everywhere,JavaScript
72,DASISH/qddt-client,TypeScript
72,CaraGk/gesseh,PHP
72,Camelcade/Perl5-IDEA,Perl
71,twosigma/beaker-notebook,Java
71,timmyRS/Universal-Bypass,JavaScript
71,rollup/rollup,JavaScript
71,qissue-bot/QGIS,C++
71,pixelhumain/communEvent,JavaScript
71,phase-0/phase-0,HTML
71,medic/medic-webapp,JavaScript
71,iqhlz7/Java,Java
71,gitextensions/gitextensions,C#
71,envoyproxy/envoy,C++
71,danielgindi/Charts,Swift
71,bincrafters/community,Python
71,benoitcostewiilog/WiiStock,PHP
71,acemod/ACE3,C++
71,RobotLocomotion/drake,C++
71,PanJiaChen/vue-element-admin,Vue
71,IMA-WorldHealth/bhima-2.X,JavaScript
71,Hypnosphi/storybook,JavaScript
71,HEB-ESI/DEV1-ALG-Syllabus-Algo,TeX
71,Chartes-TNAH/flux,HTML
71,Azure/azure-sdk-for-java,Java
71,Alexey-T/CudaText,Python
70,uclouvain/osis-common,Python
70,rust-lang/cargo,Rust
70,robertohuertasm/vscode-icons,TypeScript
70,processing/p5.js,JavaScript
70,nhsconnect/gpconnect,CSS
70,laclasse-com/service-suivi-perso,Ruby
70,kolton/d2bot-with-kolbot,JavaScript
70,influxdata/flux,Go
70,iNavFlight/inav,C
70,hrydgard/ppsspp,C++
70,flutter/website,CSS
70,enonic/xp,Java
70,dgraph-io/dgraph,Go
70,cSploit/android,Java
70,alitkurniawan48/LaporanAlit-Proyek3,TeX
70,VincentD/bdtravaux,Python
70,OpenShot/openshot-qt,Python
70,L3v3L/salto-game,JavaScript
70,EtincelleCoworking/intranet,JavaScript
69,zimmerman-zimmerman/OIPA,Python
69,serlo-org/serlo-abc,TypeScript
69,olzd/touist,OCaml
69,moby/moby,Go
69,minio/minio,Go
69,mikf/gallery-dl,Python
69,johanpoirier/bet4soccer,Smarty
69,intellij-rust/intellij-rust,Kotlin
69,ccrisan/motioneyeos,Makefile
69,borisyankov/DefinitelyTyped,TypeScript
69,aws/aws-cli,Python
69,MicrosoftDocs/live-share,Shell
69,Kozea/www-media,HTML
69,GRIS-UdeM/ZirkOSC,C++
69,Coursemology/coursemology2,Ruby
69,BOINC/boinc,PHP
69,1SSI/Devoirs,TeX
68,sumaris-net/sumaris-app,TypeScript
68,sparna-git/SimSemSearch,JavaScript
68,realm/realm-java,Java
68,netty/netty,Java
68,kylegordon/home-assistant-config,Python
68,kubernetes/test-infra,Go
68,facebook/hhvm,C++
68,ethereum/solidity,C++
68,addok/addok,Python
68,Valloric/YouCompleteMe,Python
68,RaspbianFrance/RaspiSMS,JavaScript
68,OystParis/oyst-prestashop,PHP
68,ORNL-AMO/AMO-Tools-Desktop,TypeScript
68,EPFL-SV-cpp-projects/Team_16,C++
68,Co0sh/BetonQuest,Java
67,ushahidi/platform,PHP
67,thyshimrod/survivshim,JavaScript
67,soosyze/framework,PHP
67,shimstar/shimstarclient,Python
67,saenzramiro/rambox,JavaScript
67,robbyrussell/oh-my-zsh,Shell
67,playframework/playframework,Scala
67,paoesco/famivac-gestionnaire,HTML
67,nodejs/build,Shell
67,microsoft/vscode-python,TypeScript
67,fedoraredteam/compliant,HTML
67,cu-mkp/m-k-manuscript-data,TeX
67,amithkumar/algorithms,C#
67,alvarotrigo/fullPage.js,JavaScript
67,aidancbrady/Mekanism,Java
67,WildCodeSchool/orleans-0219-php-depot-vente-bannier,HTML
67,WP-API/WP-API,PHP
67,ParadiseSS13/Paradise,DM
67,Morning-UI/morning-ui,Vue
