1140,modelica/ModelicaSpecification,TeX
1058,vivekj011/js-scheduler,JavaScript
948,redaxo/redaxo,PHP
919,4teamwork/opengever.core,Python
893,phase-0/phase-0,HTML
863,ron190/jsql-injection,Java
850,clarat-org/clarat,HTML
829,modelica/Modelica,Modelica
662,trufflesuite/ganache,JavaScript
630,ulikoehler/KADeutschIssues,Python
602,Andrewnames/TouchGong,C#
594,hitobito/hitobito,Ruby
556,mschlenstedt/Loxberry,Perl
552,AdguardTeam/AdguardFilters,Python
529,buchen/portfolio,Java
526,gitthermal/thermal,Vue
518,a-sit-plus/at-registrierkassen-mustercode,Java
451,yakamara/redaxo_yform,PHP
451,derUli/ulicms,PHP
448,InfiniteAdventures/ia-trilogy,HTML
446,ckruse/cforum,Ruby
434,rpi-virtuell/rw-materialpool,PHP
426,jbenden/aircrack-ng,C
411,Microsoft/vscode,TypeScript
409,OpenJEVis/JEVis,Java
406,mattbearman/lime,PHP
395,RRZE-Webteam/FAU-Einrichtungen,PHP
388,contao/core,PHP
385,synyx/urlaubsverwaltung,Java
383,MicrosoftDocs/azure-docs,PowerShell
379,chrmarti/testissues,JavaScript
373,ecomfe/echarts,JavaScript
364,jlawyerorg/j-lawyer-org,Java
362,cldi/CanLink,Python
355,nonlinear-labs-dev/C15,C
332,efanovjohn/Test_Case_Extractor,C#
319,Stephan-S/FS19_AutoDrive,Lua
311,flutter/flutter,Dart
302,isotope/core,PHP
300,Courseplay/courseplay,Lua
298,barbalex/apf2,JavaScript
292,demokratie-live/democracy-client,TypeScript
282,swissbib/vufind,PHP
272,typearea/dembelo,PHP
271,Data-City/client,JavaScript
269,ubtue/tuefind,PHP
269,JirkaDellOro/EIA2,HTML
267,jens-maus/RaspberryMatic,JavaScript
267,ant-design/ant-design,TypeScript
261,ImagicalMine/ImagicalMine,PHP
257,MrRobotjs/BetterDocs-React,CSS
254,kogg/instant-logos,JavaScript
254,ethereum/go-ethereum,Go
254,Ar1i/PokemonGo-Bot,C#
246,lynnandtonic/airport-codes,CSS
246,LSS-Manager/lss-manager-v3,JavaScript
242,AfeefaDe/afeefa-backend-ui,Vue
240,elor/tuvero,HTML
237,tine20/Tine-2.0-Open-Source-Groupware-and-CRM,HTML
236,GoogleChrome/lighthouse,JavaScript
233,thkl/homebridge-homematic,JavaScript
232,TrinityCore/TrinityCore,C++
232,PSMGGamesSS2015/PSMG_SS_2015_RTS_GameGroup,C#
230,process-engine/bpmn-studio,TypeScript
230,initiatived21/d21,JavaScript
230,ShabadOS/database,JavaScript
220,dariok/karlstadt-issues,XQuery
212,dart-lang/sdk,Dart
209,Sollunad/RaidOrgaPlus,Vue
203,MarlinFirmware/Marlin,C++
202,mediathekview/MServer,HTML
202,diddipoeler/sportsmanagement,PHP
202,AfeefaDe/afeefa-neos,JavaScript
201,frappe/erpnext,Python
200,OKTOTV/FLUX2,HTML
199,TerraTex-Community/TerraTex-Reallife-Reloaded,Lua
198,RRZE-Webteam/fau-person,PHP
194,rockgobo/biloatlas,JavaScript
193,BSData/wh40k,Gosu
190,popcodeorg/popcode,JavaScript
188,ElemeFE/element,Vue
186,languagetool-org/languagetool,Java
186,contao/contao,PHP
184,combak/ShatteredWorld,JavaScript
183,GenisysPro/GenisysPro,PHP
182,alnv/catalog-manager,PHP
181,forkdelta/tokenbase,Python
179,i4Ds/ProStudCreator,C#
179,Vocare-Digital/website__thc,PHP
178,rancher/rancher,Go
178,Strassengezwitscher/Strassengezwitscher,Python
176,contao/core-bundle,PHP
175,ADFC-Hamburg/adfc-t30-paten-frontend,TypeScript
174,University-of-Potsdam-MM/Mobile.UP,TypeScript
173,typearea/projectmanagement,HTML
173,mdzio/ccu-historian,Java
173,CatoTH/antragsgruen,PHP
171,xdoo/vaadin-demo,Java
171,mediathekview/MediathekView,Java
170,marcelkipp/ePortfolio,PHP
170,ikedaosushi/tech-news,JavaScript
168,Schrolli91/BOSWatch,Python
167,mattimaier/bnote,PHP
164,coingecko/cryptoexchange,Ruby
164,ValveSoftware/Proton,C++
164,ShaatsSucher/antonius-phaser,TypeScript
163,ubtue/ixTheo,PHP
162,microsoft/ALAppExtensions,Perl
162,foodcoopshop/foodcoopshop,PHP
162,bigeasy/kibitz,JavaScript
162,MetaModels/core,PHP
162,Fourdee/DietPi,Shell
161,lehoffma/memo,TypeScript
159,asudau/Promovierendenverwaltung,PHP
158,InfiniteFlightAirportEditing/Navigation,Python
157,yakamara/redaxo_yrewrite,PHP
157,tkrebs/ep3-bs,PHP
157,agent4788/SHC_Framework,PHP
156,pmmp/PocketMine-MP,PHP
155,Mogli12/GearboxAddon,Lua
153,JWDeveloper/JWManagement,JavaScript
152,notepad-plus-plus/notepad-plus-plus,C++
152,d3athrow/vgstation13,DM
151,marius300482/meta,XSLT
151,FixMyBerlin/fixmy.platform,Python
149,xdoo/lhm_animad_admin_html5,HTML
148,hpi-swt2/wimi-portal,Ruby
147,virtUOS/studip-ohn,CSS
147,piwakawaka-2016/piwakawaka-2016,GCC Machine Description
146,virtUOS/courseware,CSS
146,sjPlot/Zettelkasten,Java
146,pio-x/pio-x,TSQL
146,GTNewHorizons/NewHorizons,ZenScript
145,yakamara/redaxo_prozer,PHP
145,dsiekiera/foe-helfer-extension,JavaScript
144,oleometal/Arrow-ATS,HTML
144,contao/contao-manager,PHP
143,ant-design/ant-design-mobile,TypeScript
143,actofgoods/actofgoods,HTML
142,OKFNat/offenewahlen-nrw17,Python
141,OregonCore/OregonCore,C++
141,KhalisFoundation/sttm-web,JavaScript
139,faustedition/faust-gen-html,XSLT
138,muhamed89/MIUI,JavaScript
138,kubernetes/kubernetes,Go
138,ByteHamster/PSE,Java
137,facebook/react-native,JavaScript
136,StataBS/indikatoren,JavaScript
136,RFD-FHEM/RFFHEM,Perl
136,Newcomer1989/TSN-Ranksystem,PHP
136,Geopras/IdeaWatcher,Java
135,YetiForceCompany/YetiForceCRM,PHP
135,PSMGGamesSS2015/PSMG_SS_2015_Shootergame,C#
134,metasfresh/metasfresh,TSQL
132,rg3/youtube-dl,Python
132,ccxt/ccxt,JavaScript
132,Microsoft/ALAppExtensions,Perl
130,DecentralizedAmateurPagingNetwork/Core,Java
127,spyder-ide/spyder,Python
127,Optinomic/apps,JavaScript
126,digitalmediabremen/hej,JavaScript
126,Juliia197/HRP,PHP
125,yoktobit/minerminingminesunity,C#
125,HPI-SWA-Teaching/SWT15-Project-13,Smalltalk
124,kokako-2016/kokako-2016,GCC Machine Description
124,OpenRCT2/Localisation,C#
123,wenmingvs/WeiBo,Java
123,Yannici/bedwars-reloaded,Java
122,RPCS3/rpcs3,C++
121,easy-wi/developer,PHP
121,ckruse/cforum_ex,Elixir
121,AgenoDrei/ChipschachDigital,JavaScript
120,opensds/multi-cloud,HTML
119,tensorflow/tensorflow,C++
119,ioBroker/ioBroker.docs,JavaScript
119,grafana/grafana,TypeScript
118,flokicker/dorfbauprojekt,C#
118,Eldinox/Projekt_Neon,C#
116,rathena/rathena,C++
116,PSEBergclubBern/BergclubBern,PHP
116,Fulgen301/LegacyClonk,C++
115,mopsalarm/Pr0,Kotlin
115,kellyirc/kurea,CoffeeScript
115,Gemuesebau/GSEHEN,Java
115,DecentralizedAmateurPagingNetwork/Web,Vue
114,snipe/snipe-it,PHP
114,fairmondo/fairmondo,Ruby
114,WordPress/gutenberg,JavaScript
113,leonsio/YAHM,Python
113,NotSureAbout/labcore-core,JavaScript
112,frickler24/RechteDB,HTML
112,ServUO/ServUO,C#
112,JandBeyond/joomlade,JavaScript
112,FNSKtZH/apflora,JavaScript
112,EmjayAhn/SPARK_chat,HTML
112,EN152/dcp,JavaScript
112,Blaulichtplaner/blaulichtplaner,Dart
111,RRZE-Webteam/fau-cris,PHP
111,FachschaftMathPhys/Ersti-Info,TeX
109,Microsoft/AL,PowerShell
109,Automattic/wp-calypso,JavaScript
108,yakamara/redaxo_ycom,PHP
108,kps85/PPSN,Python
108,cmsd2/codelauf,Rust
108,andresriancho/w3af,Python
108,FreeCodeCamp/FreeCodeCamp,JavaScript
107,Piratenpartei/Pirate-Rogue,PHP
106,ostepu/system,PHP
106,flypsite/general,JavaScript
104,th-koeln/wba1-2016-semaphore,JavaScript
104,perl6/ecosystem-unbitrot,Perl 6
104,erz-mba-fbi/absenzenmanagement,TypeScript
104,BluSunrize/ImmersiveEngineering,Java
103,TacticalBaconDevs/TBMod,C++
103,Apollon77/ioBroker.alexa2,JavaScript
102,pecuniabanking/pecunia-client,Objective-C
101,cceh/capitularia,CSS
100,depthlove/depthlove.github.io,HTML
100,apache/incubator-echarts,JavaScript
100,accefa/pren2,TeX
99,tipmaster/tipmaster,Perl
99,kiwenlau/blog,JavaScript
99,VfN-NRW/gluon-firmware-builder,Shell
98,tloehr/Offene-Pflege.de,Java
98,microsoft/vscode,TypeScript
98,meatloaf111/chgmgmt,Apex
98,letsgamedev/spielsklave,JavaScript
98,RocketChat/Rocket.Chat,JavaScript
97,vz-risk/VCDB,Jupyter Notebook
97,PSMGGamesSS2015/PSMG_SS_2015_VGHS,C#
96,ubpb/katalog_ubpb,Ruby
96,icorn/MovieStarts,Swift
95,womak24/womak24.github.io,PHP
95,weimarnetz/weimarnetz,Shell
95,mrsoyer/youtools,PHP
95,magento/magento2,PHP
95,ioBroker/ioBroker.admin,JavaScript
95,docker/kitematic,JavaScript
94,ioBroker/ioBroker.javascript,JavaScript
94,SwiftOldDriver/iOS-Weekly,Swift
93,otcn/notamuse,PHP
93,ibutta/flask-tutorial,Python
93,gobo7793/ssharp,C#
92,docker/docker,Go
92,arendst/Sonoff-Tasmota,C
91,wujichao/hipda_ios_client_v3,Objective-C
91,serlo/p_data-analysis-and-kpis,Go
91,DarthGandalf/kvirc-issues,C++
91,BachelorProjektAI-HSFulda/megaApp,TypeScript
90,thomas-hilarius-meyer/LaTeX-fuer-Geisteswissenschaftler,TeX
90,schuleintern/Webportal,PHP
90,qbittorrent/qBittorrent,C++
90,plotify/plotify,JavaScript
90,hansimglueck/homeVisit,JavaScript
90,MarkusBrun/itsmarkus,Ruby
89,rygos/rmarchiv,JavaScript
89,etraxis/etraxis,PHP
88,paras1/sw-siot,Java
88,kwsch/PKHeX,C#
88,elastic/kibana,TypeScript
88,ecnordbund/ec-verwaltungs-app,Vue
88,derUli/ulicms-pkg,PHP
88,Sh0wdown/UnofficialCrusaderPatch,C#
88,Edirom/WeGA-WebApp,HTML
87,tbaddade/redaxo_url,PHP
87,julianbernauer/polidoc,TeX
86,abrain/einsatzverwaltung,PHP
86,University-of-Potsdam-MM/UP.App,TypeScript
86,Simongotnews/SWP2,Swift
86,Jackett/Jackett,C#
86,GreenDelta/Sophena,Java
84,uBlockOrigin/uAssets,Shell
84,iBis-project/iBis-Android-App,Java
83,pheru/pheru-darts,JavaScript
83,openlab-aux/orgafoo,Tcl
83,PDP-10/its,Assembly
82,rust-lang-de/book,Rust
82,pulibrary/BlueMountain,Shell
82,iview/iview,Vue
82,godotengine/godot,C++
82,Pitastic/TeacherTab,JavaScript
82,Azure/azure-powershell,C#
81,vlvical/vlv.ical,JavaScript
81,the-control-group/voyager,PHP
81,okfde/fragdenstaat_de,Python
81,joomla/joomla-cms,PHP
81,aspnet/AspNetCore,C#
81,Quake4/MindMiner,PowerShell
80,signalwerk/sfgz,CSS
80,lionheart/openradar-mirror,Python
80,area-net-gmbh/contentfly-cms,PHP
80,aidancbrady/Mekanism,Java
80,SvNawesome/Project-Zero,Java
80,SleepyTrousers/EnderIO,Java
80,PumucklOnTheAir/TestFramework,Python
80,LaTeXMusicSheets/LeadsheetArchive,TeX
80,JuliaLang/julia,Julia
79,twbs/bootstrap-expo,CSS
79,tremlab/built2break,JavaScript
79,kaiodduarte/pyGames,Python
79,home-assistant/home-assistant,Python
79,Ultraschall/ultraschall-portable,Lua
79,TransparenzImGesundheitswesen/Datengenerator,C#
79,Thorium-Sim/thorium,JavaScript
79,DSIW/sdf,JavaScript
79,CymChad/BaseRecyclerViewAdapterHelper,Java
79,Bonne6/XR,D
78,valuehack/scholarium.at,Python
78,gismo141/mastersthesis,TeX
78,elan-ev/ePortfolio,PHP
78,Rescuecontrol-Software-UG/rdSuite,TypeScript
78,FriendsOfREDAXO/sked,PHP
77,IT-PM-OpenAdaptronik/Webapp,JavaScript
76,volkanceylan/Serenity,C#
76,tgstation/tgstation,DM
76,nodejs/node,JavaScript
76,elan-ev/studip-opencast-plugin,PHP
76,bovender/XLToolbox,C
76,angular/angular,TypeScript
76,OFFM-MCAB/grantsfeedback,CSS
76,Nexus-Mods/Vortex,TypeScript
75,virtUOS/mooc.ip,PHP
75,saw-leipzig/kucha,Java
75,satijalab/seurat,R
75,michael-mosler/Pius-App,Swift
75,froonix/happytec-ghosttool,Java
75,ahmedBassell/ahmedBassell.github.io,Vue
75,Symmetronic/jampps,CSS
75,Return-To-The-Roots/s25client,C++
75,NRules/NRules,C#
75,Feuerwehrsport/wettkampf-manager,Ruby
75,ChurchCRM/CRM,PHP
74,vgstation-coders/vgstation13,DM
74,klein0r/fhem-style-haus-automatisierung,CSS
74,jlawyerorg/j-lawyer-calculations,Groovy
74,iandouglas/github-scraper,Python
74,esp8266/Arduino,C++
74,anfema/ion-client-android,Java
74,Monika-After-Story/MonikaModDev,Ren'Py
74,MichaelBechmann/shot,Python
74,IMISE/snik-cytoscape.js,JavaScript
74,FriendsOfREDAXO/tricks,CSS
73,elyukai/optolith-client,TypeScript
73,Xenonauts/Xenonauts_DE,Lua
73,UB-Heidelberg/UBHD-OMPPortal,Python
73,NG-ZORRO/ng-zorro-antd,TypeScript
72,tabacha/adfc-tempo30,JavaScript
72,material-components/material-components-ios,Objective-C
72,ethereum/mist,JavaScript
72,dschweie/TournamentManager,Java
72,campusmedius/campusmedius,TypeScript
72,PaddlePaddle/Paddle,Python
72,FriendsOfREDAXO/search_it,PHP
72,ChristophToegel/PS-TextMining,Python
71,runelite/runelite,Java
71,roschaefer/Timetabling,Ruby
71,podlove/podlove-publisher,PHP
71,motom001/DoorPi,Python
71,habitlab/habitlab,JavaScript
71,bundler/bundler,Ruby
71,appveyor/ci,PowerShell
71,Schul-O-Mat/Schul-O-Mat,PHP
71,ParadiseSS13/Paradise,DM
71,ORNL-AMO/AMO-Tools-Desktop,TypeScript
70,saltstack/salt,Python
70,program-and-play/scenarios,Java
70,cockroachdb/cockroach,Go
70,LoneGazebo/Community-Patch-DLL,C++
70,Kodi-vStream/venom-xbmc-addons,Python
70,BALL-Project/ball,C++
69,stiftungswo/Dime,PHP
69,petergtz/alexa-wikipedia,Go
69,patricksteinhaeusl/Bachelorarbeit,JavaScript
69,juliandierker/yUOShi,JavaScript
69,jonas-l-b/vwi_studienfuehrer,JavaScript
69,SeleniumHQ/selenium,Java
69,Power-Switch/PowerSwitch_Android,Java
69,Kitsumi/clic,JavaScript
68,mrdoob/three.js,JavaScript
68,joachimdieterich/curriculum,JavaScript
68,jens-maus/webmatic,JavaScript
68,iTXTech/Genisys,PHP
68,betaflight/betaflight,C
68,Yoast/wordpress-seo,PHP
68,HochschuleHofStundenplanapp/iOS-App,Swift
68,HPI-SWA-Teaching/SWT16-Project-05,Smalltalk
68,FixMyBerlin/fixmy.frontend,TypeScript
68,CleverRaven/Cataclysm-DDA,C++
67,pytorch/pytorch,C++
67,night/BetterTTV,JavaScript
67,hazelcast/hazelcast,Java
67,dotnet/roslyn,C#
67,bitpay/copay,TypeScript
67,OpenAT/online,JavaScript
67,KsGin/ksgin.github.io,HTML
67,HilKai/iiigel,PHP
67,EdenServer/community,Lua
66,zxsimple/dmls,Scala
66,th-koeln/wba1-2016-backslash,JavaScript
66,ortoloco/ortoloco,Python
66,atom/atom,JavaScript
66,Philipp-g/muesli,Python
66,AtosReferenzApplikation/docker-container,TypeScript
66,4FriendsForum/Ffc,Perl
65,symfony/symfony,PHP
65,airyland/vux,Vue
65,SBird1337/source_of_the_sovereign,Assembly
65,RRZE-Webteam/FAU-Philfak,PHP
65,PhilJay/MPAndroidChart,Java
65,PEXPlugins/PermissionsEx,Java
64,woocommerce/woocommerce,PHP
64,srahn/kvwmap,PLpgSQL
64,sogis/gretl,Java
64,rdmtc/RedMatic,HTML
64,radare/radare2,C
64,dhaeb/LinkedDataBrowser,CSS
64,Ultimaker/Cura,Python
64,RRZE-Webteam/cms-workflow,PHP
64,LenCewa/ChangeTogether,Java
64,HieuJa/woovina,PHP
64,FISvirtUOS/VIVO,HTML
64,CAU-Kiel-Tech-Inf/socha,Java
64,BrentOzarULTD/SQL-Server-First-Responder-Kit,TSQL
63,zdavatz/amiko_csharp,C#
63,statabs-test/quartierindex,TypeScript
63,rix1337/RSScrawler,Python
63,opencart/opencart,PHP
63,mapbox/mapbox-gl-native,C++
63,University-of-Potsdam-MM/Reflect.UP,TypeScript
63,PX4/Firmware,C++
63,MartinThoma/KIT-Musterloesungen,TeX
62,yiisoft/yii2,PHP
62,rockfireredmoon/iceee,C++
62,lucko/LuckPerms,Java
62,lucasbuschlinger/BachelorPraktikum,Java
62,librenms/librenms,PHP
62,jens-maus/yam,C
62,freeCodeCamp/freeCodeCamp,JavaScript
62,SPoelloth/SWP16,C#
62,Pokefans/Pokefans,JavaScript
62,Glaeydar/Projekt-Car-Sharing-Management,C
62,AugurProject/augur,TypeScript
61,volzinnovation/HSPF-Knowledge-Graph,JavaScript
61,thoemel/veloboerse,PHP
61,scg-unibe-ch/ese2016-team1,Java
61,reek/anti-adblock-killer,JavaScript
61,mcalzaferri/Schieber,Java
61,manuel3108/Gleisbelegung,Java
61,magefree/mage,Java
61,haimich/billy,TypeScript
61,freifunk/directory.api.freifunk.net,Python
61,boredland/MeteorKalender,JavaScript
61,bcgov/entity,JavaScript
61,TIY-Durham/2015-FALL-FEE,HTML
61,Microsoft/BotBuilder,Python
60,yusufeyisan/XMLParser,JavaScript
60,stes/it4kids,C++
60,seiferta/eMonitor,Python
60,oforge/oforge-core,HTML
60,modelica/fmi-standard,C
60,meolu/walle-web,Python
60,ifis-tu-bs/sqlalchemist,JavaScript
60,e107inc/e107,PHP
60,dotnet/docs,PowerShell
60,andrekirst/04_KataFahrplanauskunft,C#
60,WOYM/timetable,Java
60,SoPra-Team-10/GameLogic,C++
60,SebastianSchmidt/plotify,JavaScript
60,Madek/madek,Ruby
60,Klein-Hu/MathProblems,HTML
59,youzan/vant,JavaScript
59,vinDrake/Wahlprojekt,Ruby
59,tiyd-python-2015-08/assigments,Python
59,realfagstermer/realfagstermer,Python
59,lszt/flights-react,JavaScript
59,imimap/imimap,Ruby
59,hrydgard/ppsspp,C++
59,hashicorp/terraform,Go
59,emeryberger/CSrankings,Python
59,devmiyax/yabause,C
59,brotherlogic/recordsorganiser,Go
59,TheRenegadeCoder/sample-programs,Python
59,NixOS/nixpkgs,Nix
59,Microsoft/TypeScript,TypeScript
59,LCA311/leoapp-sources,Java
59,JuliAne/easteasteast,PHP
59,FriendsOfREDAXO/redactor2,JavaScript
59,FriendsOfREDAXO/mblock,PHP
59,Drakulix/zwreec,Rust
59,Baystation12/Baystation12,DM
59,AlexanderPraegla/Pinkie,Java
58,ts12345/vier_gewinnt,Java
58,opendata-stuttgart/meta,TeX
58,odoo/odoo,JavaScript
58,night28/HSR_SA,Python
58,netzbegruenung/green-spider,Python
58,lengers/ganymed-fallstudie,C
58,janun/janun-seminarverwaltung,Python
58,gruener-campus-malchow/vertretungsplan,JavaScript
58,fsfw-dresden/usb-live-linux,Shell
58,Opentrons/Protocols,Python
58,MicrosoftDocs/vsts-docs,Shell
58,LegendSkyFall/vkba,PHP
58,HPI-SWA-Teaching/SWT16-Project-11,Smalltalk
58,BAVerrecus/NTF-Modset,C++
57,zhuowei/MCPELauncher,Java
57,yogstation13/yogstation,DM
57,volkszaehler/volkszaehler.org,PHP
57,timgrossmann/InstaPy,Python
57,rust-lang/rust,Rust
57,mautic/mautic,PHP
57,lukasseiwald/MMP3_Buder_Seiwald_Tischhart,JavaScript
57,jmattheis/AntWars,C#
57,hectorsector/release-based-workflow,JavaScript
57,gschwann/Baugeschichte,QML
57,gruppe-adler/TvT_UrbanOps.Altis,SQF
57,gloggi/qualix,PHP
57,geraldbaeck/NIUsLittleHelper,JavaScript
57,detlefvolmer/com_mipango,PHP
57,bilenko-git/shared_bundles,JavaScript
57,TacticalTrainingTeam/ttt_handbuch,TeX
57,PokemonGoF/PokemonGo-Bot,Python
57,OsnaCS/dbp-game,Ruby
57,OpenNos/OpenNos,C#
57,2Abendsegler/GClh,JavaScript
57,2016321/2016321.github.io,HTML
56,usox/stu3,PHP
56,sqlcollaborative/dbatools,PowerShell
56,rietzfl/Horario,Java
56,luechtdiode/KuTu,Scala
56,jdmedlock/meteorite,JavaScript
56,fuerthwiki/wiki,PHP
56,desktop/desktop,TypeScript
56,ViSchool/laravi,HTML
56,RMajewski/haushaltsbuch,XSLT
56,Mesqualito/fetenarchiv,Java
56,Integreat/cms,PHP
56,FreifunkMYK/PW-Freifunk-Starter,JavaScript
56,Azzarrel/CharacterSheetGenerator,C#
56,AzuraCast/AzuraCast,PHP
55,tinagiesler/Gattland,HTML
55,thorstenwitt/mensaApp,Java
55,studip/PluginMarket,PHP
55,ruderphilipp/regatta,JavaScript
55,peli0451/arcactus,C#
55,leihs/leihs,Ruby
55,faustedition/faust-web,JavaScript
55,docker/machine,Go
55,diguage/leetcode,Java
55,chocolatey/chocolatey-package-requests,PowerShell
55,OctoAwesome/octoawesome,C#
55,FriendsOfREDAXO/quick_navigation,PHP
55,FreieRadios/freieradioapp,JavaScript
55,BeatingAngel/Testumgebung,Java
54,ultimate/KaroMUSKEL,JavaScript
54,thorsten/phpMyFAQ,PHP
54,ngircd/ngircd,C
54,nextcloud/server,PHP
54,joelios/TeamPlaner,Python
54,fchollet/keras,Python
54,binary-com/binary-bot,JavaScript
54,ant-design/ant-design-pro,TypeScript
54,angular/angular-cli,TypeScript
54,ahetrick22/learning-ruby-on-rails,Ruby
54,Tomatenbiss/DjangoImageShop,JavaScript
54,SECH-Tag-EEXCESS-Browser/SeCH,Swift
54,Lunat1q/Catchem-PoGo,C#
54,JonasCurth/BirdsEyeView,C#
54,Faris-Ihsan/CodeProyek2,Java
54,A3Loki/altislife_kommandovollrausch,SQF
53,thaider/Skrifo,PHP
53,pojome/elementor,JavaScript
53,owncloud/core,PHP
53,mnagel/prismatd,Java
53,mailcow/mailcow-dockerized,PHP
53,joomlagerman/joomla,PHP
53,jonas-koeritz/Taktische-Zeichen,JavaScript
53,flpa/mcs,Java
53,electron/electron,C++
53,elastic/elasticsearch,Java
53,brotherlogic/alerter,Go
53,Wox-launcher/Wox,C#
53,TechnicPack/TechnicLauncher,Java
53,PrestaShop/PrestaShop,PHP
53,996icu/996.ICU,Rust
52,xamarin/Xamarin.Forms,C#
52,weg-li/weg-li,HTML
52,phasenraum2010/btw17kandidaten,TSQL
52,ostepu/ostepu-core,PHP
52,fsr/nopanic,TeX
52,fastlane/fastlane,Ruby
52,cismet/cids-custom-wuppertal,Java
52,asudau/StudIP_VHS,PHP
52,FriendsOfREDAXO/mform,PHP
52,Fasust/FrozenJoghurtBuilder,Java
52,FPtje/DarkRP,Lua
52,Contentify/Contentify,PHP
51,yannick9906/sas-entrance,PHP
51,sweIhm-ws2018-19/skillproject-fr-22,Java
51,robertgruening/Munins-Archiv,PHP
51,puzzle/skills,Ruby
51,mikepenz/MaterialDrawer,Kotlin
51,hitobito/hitobito_pbs,Ruby
51,golang/go,Go
51,cfpb/hmda-test-files,Python
51,SpigotMC/BungeeCord,Java
51,SickRage/SickRage,Python
51,ReneHerthel/ConveyorBelt,C++
51,Megabyte918/MultiOgar-Edited,JavaScript
51,FlorianMaak/p0weruser,JavaScript
51,Code4SocialGood/c4sg-web,TypeScript
51,BuildCraft/BuildCraft,Java
51,Archi-Lab/prox-web-client,TypeScript
50,schlawiner/fu-rpg-frei-und-universell,TeX
50,paulbrodsky/benjamin,C#
50,marschwar/fpe-homepage,PHP
50,ioBroker/ioBroker.vis,JavaScript
50,dotCMS/core,Java
50,d120/pyofahrt,Python
50,cubecart/v6,PHP
50,codeformunich/Muenchen-Transparent,PHP
50,amadeusproject/amadeuslms,JavaScript
50,UndyingSoul/Hello-World,Python
50,RRZE-Webteam/rrze-univis,PHP
50,MylesIsCool/ViaVersion,Java
50,KSWE-2016-17/graphql-findme-webapp,JavaScript
50,1184065/kode-program,Java
49,wisydb/wisy,PHP
49,softwerkskammer/Agora,JavaScript
49,skasberger/datenanalyse-ss18,Python
49,orientechnologies/orientdb,Java
49,mediathekview/plugin.video.mediathekview,Python
49,mantidproject/mantid,C++
49,luniki/CliqrPlugin,JavaScript
49,keybase/client,Go
49,jens-maus/hm_pdetect,HTML
49,ioBroker/ioBroker.cloud,JavaScript
49,giovannotti/biblatex-archaeologie,TeX
49,getlantern/lantern,Go
49,enzyme69/blendersushi,Python
49,browscap/browscap,PHP
49,andre-filho/fso,C
49,TotalFreedom/TotalFreedomMod,Java
49,Splamy/TS3AudioBot,C#
49,SlimeKnights/TinkersConstruct,Java
49,DZCP-Community/DZCP-1.6,PHP
49,BioThemenVergabe/project,CSS
49,AppliedEnergistics/Applied-Energistics-2,Java
48,zgcuth/riddler,Jupyter Notebook
48,wazuh/wazuh,C
48,th-koeln/mi-2017,HTML
48,pixijs/pixi.js,TypeScript
48,ohsewon/test,JavaScript
48,nicehash/NiceHashMiner,C#
48,littleflute/blog,JavaScript
48,k0shk0sh/FastHub,Java
48,gaenseklein/slidenotes,JavaScript
48,freifunk-gluon/gluon,C
48,ctfs/write-ups-2016,C
48,chummer5a/chummer5a,C#
48,brave/browser-laptop,JavaScript
48,WLANThermo/WLANThermo_v2,Python
48,Viva-con-Agua/barcheck,JavaScript
48,US-CBP/GTAS,Java
48,TheIronYard--Orlando/FEE--2015--SPRING,ApacheConf
48,Sylius/Sylius,PHP
48,Semantic-Org/Semantic-UI,JavaScript
48,SAP/cloud-commerce-spartacus-storefront,TypeScript
48,First-Coder/TS3-Webinterface,PHP
48,ElemeFE/mint-ui,Vue
48,BugBuster1701/integrity_check,PHP
48,Acknex/LotterShock,C
47,slackero/phpwcms,PHP
47,salesagility/SuiteCRM,PHP
47,philjosch/Einsatzplaner,C++
47,nueww/tw_nueww,PHP
47,nowakprojects/PersonalEducation,Kotlin
47,mapbender/mapbender,PHP
47,kookmin-sw/2018-cap1-1,JavaScript
47,knutator2/Rolling-Stone,JavaScript
47,hpi-swt2/workshop-portal,Ruby
47,hobbyquaker/homematic-manager,JavaScript
47,fluddokt/opsu,Java
47,espressif/arduino-esp32,C
47,danielgindi/Charts,Swift
47,d2-projects/d2-daily,CSS
47,callemall/material-ui,JavaScript
47,StudA-EPR/EPR-CRC,PHP
47,SIWECOS/siwecos-business-layer,PHP
47,Die-KoMa/die-koma.org,HTML
46,wahlgenial/wahlgenial-webapp,Ruby
46,uEssentials/uEssentials,C#
46,twbs/bootstrap,JavaScript
46,rdmtc/RedMatic-HomeKit,JavaScript
46,petergtz/alexa-journal,Go
46,idaholab/moose,C++
46,gitcoinco/web,JavaScript
46,eclipse/che,Java
46,department-of-veterans-affairs/caseflow,Ruby
46,davidgf/elenlace,Ruby
46,cbacon93/escalators,MATLAB
46,azerothcore/azerothcore-wotlk,C++
46,aspnetboilerplate/aspnetboilerplate,C#
46,aspnet/Docs,C#
46,alltheplaces/alltheplaces,Python
46,ahmedkaludi/accelerated-mobile-pages,PHP
46,UB-ES-19/B2-rabbit,JavaScript
46,RF-Buerky/BBFW-Project,Kotlin
46,PCSX2/pcsx2,C++
46,KoehlerT/Drohne,C++
46,IntellectualSites/PlotSquared,Java
45,torpedo87/autovendingmachine,JavaScript
45,spesmilo/electrum,Python
45,pychess/pychess,Python
45,pumpi/troop-creator,CSS
45,pfadfinden/bdp_template,HTML
45,kolton/d2bot-with-kolbot,JavaScript
45,gorhill/uBlock,JavaScript
45,gdi-by/downloadclient,Java
45,flosse/kartevonmorgen,JavaScript
45,bitshares/bitshares-ui,JavaScript
45,angular/material2,TypeScript
45,WildCodeSchool/orleans-0218-cfa,HTML
45,Minecolonies/minecolonies,Java
45,MetaMask/eth-phishing-detect,JavaScript
45,Kurt-Hetrick/BAM_TO_CRAM,Shell
45,Hrabovszki1023/OKW,Java
45,FriendsOfREDAXO/aufgaben,JavaScript
45,Darkosto/SevTech-Ages,ZenScript
45,Aurorastation/Aurora.3,DM
44,wordpress-mobile/WordPress-iOS,Swift
44,tyrant88/search_it,PHP
44,tuiSSE/lara-vedst,PHP
44,stiftungswo/izivi,PHP
44,servo/servo,Rust
44,sensu/sensu-go,Go
44,nemiah/phpFinTS,PHP
44,ioBroker/ioBroker.ical,JavaScript
44,humhub/humhub,PHP
44,hcrudolph/swe-project,PHP
44,gonetz/GLideN64,C++
44,fetsite/fetsite,Ruby
44,digital-bauhaus/Ferienpass,Java
44,debueb/padel.koeln,Java
44,askmike/gekko,JavaScript
44,WildCodeSchool/orleans-0918-php-matchmaking,PHP
44,ToolboxBodensee/toolbox-webseite,JavaScript
44,SWP2-2018/swp2-2018,Java
44,NuGet/Home,HTML
44,MicrosoftDocs/windows-itpro-docs,PowerShell
44,Matteng123/iAmbulanz,PHP
44,LukasCBossert/biblatex-archaeologie,TeX
44,FriendsOfREDAXO/bloecks,PHP
44,Dogfalo/materialize,JavaScript
44,DemocracyClub/UK-Polling-Stations,Python
44,Cockatrice/Cockatrice,C++
44,BEEmod/BEE2-items,Squirrel
43,unicef/un-partner-portal,JavaScript
43,tbaddade/redaxo_sprog,PHP
43,sweIhm-ws2018-19/skillproject-fr-26,Java
43,pandas-dev/pandas,Python
43,olien/aufgaben,JavaScript
43,ocornut/imgui,C++
43,luka1220/SKB_Plattform,JavaScript
43,hbz/nwbib,Java
43,dresden-elektronik/deconz-rest-plugin,C++
43,cocos2d/cocos2d-x,C++
43,chumm-uffa/chumm-uffa,TypeScript
43,WBCE/News-with-Images,JavaScript
43,THK-ADV/lwm-reloaded,Scala
43,ShareX/ShareX,C#
43,PedroRamirezVerger/SGC_E1,Java
43,PICAPIPE/league-of-girls,JavaScript
43,JavaJumperStudios/Saboteur,Java
43,Ineffizienz/Du-nicht-nehmen-Kerze,PLpgSQL
43,Handschriftenarchiv/projekt3.0,HTML
43,Flugtiger/ees15,Java
43,DarkstarProject/darkstar,TSQL
43,Archi-Lab/coalbase-frontend,TypeScript
42,zin-/Mem,Kotlin
42,th-koeln/open-product-evaluation-server,JavaScript
42,telegramdesktop/tdesktop,C++
42,sweIhm-ws2018-19/skillproject-fr-12,Java
42,soef/ioBroker.tr-064,JavaScript
42,rtetic/EasyGames,C#
42,rapid7/metasploit-framework,Ruby
42,nelsonic/nelsonic.github.io,HTML
42,n0ix/SFDL.NET,Visual Basic .NET
42,minetest/minetest,C++
42,joyent/rfd,Roff
42,jensweigele/ioBroker.yahka,JavaScript
42,ioBroker/ioBroker.hm-rpc,JavaScript
42,aspnet/Mvc,C#
42,ampproject/amphtml,JavaScript
42,adobe/brackets,JavaScript
42,acemod/ACE3,C++
42,TryGhost/Ghost,JavaScript
42,SlicewOw/webSPELL_Cups,PHP
42,SIWECOS/webapp,Vue
42,RailwayStations/RSAndroidApp,Java
42,RF1000community/Repetier-Firmware,C++
42,ProcessMaker/bpm,PHP
42,PocketMine/PocketMine-MP,PHP
42,LMMS/lmms,C++
42,FriendsOfREDAXO/cke5,PHP
42,FreifunkFranken/fff-monitoring,JavaScript
42,FachschaftMathPhys/moozean,HTML
42,CitizensDev/Citizens2,Java
42,BerlusGmbH/Berlussimo,TSQL
42,Automattic/jetpack,PHP
42,Alexx882/SiegeAndDestroy3D,Java
42,AeroScripts/QuestieDev,Lua
41,zmaster587/AdvancedRocketry,Java
41,tgalal/yowsup,Python
41,swagger-api/swagger-codegen,HTML
41,smeighan/xLights,C++
41,set-de/jenkins_ws,Groovy
41,riesendaniel/myFinanceTracker,JavaScript
41,phalcon/cphalcon,PHP
41,okfde/okfn.de,Rich Text Format
41,marci9494/carSharing,Java
41,kubernetes/dashboard,Go
41,jOOQ/jOOQ,TSQL
41,ini20/berliner-schulen,JavaScript
41,githubbob42/mingle2github1,JavaScript
41,deutschestextarchiv/dtabf,CSS
41,codingdavinci/codingdavinci.de,HTML
41,bitcoin/bitcoin,C++
41,ansible/ansible,Python
41,alexreinert/piVCCU,C
41,achim1/ctplot,Python
41,TrustWallet/trust-wallet-ios,Swift
41,Ref-IT/ProtokollCleaner,PHP
41,PSMGGamesSS2015/PSMG_SS_2015_Rats_Canalisation,C#
41,NebulousLabs/Sia,Go
41,NamelessMC/Nameless,PHP
41,IsyFact/IsyFact-Vorlageanwendung,Java
41,IdleLands/Play,Objective-C
41,GWRon/TVTower,BlitzMax
41,EorlBruder/ris2.0,PHP
41,CMPUT301F18T11/medicam,Java
41,CAU-Kiel-Tech-Inf/socha-gui,TypeScript
41,APIS-Luftbildarchiv/APIS,Python
40,youonlyliveonce/24-1,PHP
40,yakamara/redaxo_yfeed,PHP
40,vuejs/vue,JavaScript
40,thb42/win-sshfs,C#
40,th-koeln/mi-bachelor-gdvk,CSS
40,terminal42/contao-notification_center,PHP
40,srp33/WishBuilder,Python
40,spring-projects/spring-boot,Java
40,rameshsankar-appointe2e/Mytest,Ruby
40,platformio/platformio-vscode-ide,JavaScript
40,patreu22/Twittex,HTML
40,opendata-stuttgart/sensors-software,C++
40,meine-stadt-transparent/meine-stadt-transparent,Python
40,kc-GitHub/FHEM-HM485,Perl
40,kaozente/MusicMashup,TeX
40,jhipster/generator-jhipster,JavaScript
40,hbz/laser-ygor,Groovy
40,google/ExoPlayer,Java
40,fex-team/webuploader,JavaScript
40,espressif/esp-idf,C
40,eduDorus/PAWI,Swift
40,drbv/judge_tool,Ruby
40,containous/traefik,Go
40,claroline/Distribution,PHP
40,bumptech/glide,Java
40,TheJP/stebs,C#
40,OttosBinaryKnights/GTI,HTML
40,Opentrons/opentrons,JavaScript
40,OnlyNoobDied/GadgetsMenu,Java
40,MultiPoolMiner/MultiPoolMiner,C#
40,MISP/MISP,PHP
40,InvisibleUSA/METLAB_News,Java
40,HerculesWS/Hercules,C++
40,GermanCentralLibraryForTheBlind/readium-js-viewer,HTML
40,FriendsOfREDAXO/cookie_consent,PHP
40,Dolibarr/dolibarr,PHP
40,Detmolder-Hoftheater/TheaterTool,JavaScript
40,Blood-Asp/GT5-Unofficial,Java
40,Bilibili/ijkplayer,C
40,Berlin-Vegan/berlin-vegan-guide,Java
40,Azure/azure-sdk-for-java,Java
40,AppWerft/Freifunker,JavaScript
39,unfoldingWord-dev/translationCore,JavaScript
39,syl20bnr/spacemacs,Emacs Lisp
39,pren-t27/pren2,Java
39,pkp/pkp-lib,PHP
39,jaegermathias/Augmented_Party_Game,C#
39,irenenirgendwo/urantransporte,Ruby
39,humsp/uebersetzerbauSWP,C#
39,ethereum/EIPs,HTML
39,diluno/bikeable-frontend,Vue
39,conradlempert/openhpigame,Ruby
39,christiantr/MI-A_Phase10,Java
39,aschle/magicKurbelKamera,Python
39,alibaba-fusion/next,JavaScript
39,ThemeFuse/Unyson,PHP
39,Teizakk/Swegruppe10escapegame,C#
39,PublicarNuevosNegocios/ProveedoresOnLine,C#
39,Plant-for-the-Planet-org/treecounter-app,JavaScript
39,OpenRCT2/OpenRCT2,C++
39,OPUS4/userdoc,CSS
39,Neufund/platform-frontend,TypeScript
39,LMUOGWSS2015/Gruppe2,C#
39,FHBielefeld-IFM-WS1718-SWEng1/WebAPI,JavaScript
39,CMPUT301W15T01/Team1Project,Java
39,AGI-THB/schaffoener,Java
39,ADoebeling/GitReminder,PHP
38,zammad/zammad,Ruby
38,tronscan/tronscan-frontend,JavaScript
38,trilinos/Trilinos,C++
38,taniman/profit-trailer,Shell
38,tananaev/traccar,Java
38,sweIhm-ws2018-19/skillproject-fr-23,Java
38,stutz-event-lighting/boxify,HTML
38,sinnwerkstatt/common-good-online-balance,JavaScript
38,raoulvdberge/refinedstorage,Java
38,pyload/pyload,Python
38,plumi/plumi.app,Python
38,php-fusion/PHP-Fusion,PHP
38,night28/HSR_BA,Python
38,nQQb/WT2-CCD,PHP
38,mtgred/netrunner,Clojure
38,metabase/metabase,Clojure
38,mduu/tauchbolde,C#
38,littleyoda/hibiscus.depotviewer,Java
38,johannesguettler/PaM,Java
38,hobbyquaker/RedMatic,HTML
38,gatsbyjs/gatsby,JavaScript
38,drupal-usergroup-berlin/dug-website,CSS
38,dennisan/octo-bin,C#
38,danielkrupinski/Osiris,C++
38,curry-club-aux/curry-club-augsburg.de,HTML
38,contao-community-alliance/dc-general,PHP
38,cceh/ntg,Python
38,cadus/crewing,JavaScript
38,arduino/Arduino,Java
38,alexplusde/dsgvo,PHP
38,ZeroK-RTS/Zero-K,Lua
38,Viva-con-Agua/drops,Scala
38,VOREStation/VOREStation,DM
38,ThKattanek/emu64,C++
38,TakeumiYamamura/programming_contest,C++
38,PaperMC/Paper,Shell
38,OrchardCMS/OrchardCore,C#
38,Mosarvit/PjSemBeschlTech,Python
38,MicrosoftDocs/windowsserverdocs,PowerShell
38,J0hnHawk/FS17_WebStats,PHP
38,Injodikaran/Sudoku,JavaScript
38,Fyrd/caniuse,JavaScript
38,FLXez/dbprog,PHP
38,ClusterM/hakchi2,C#
38,CartoDB/cartodb,JavaScript
38,CMPUT301F15T10/Exchange,Java
38,Ben12345rocks/VotingPlugin,Java
37,zurb/foundation-sites,HTML
37,zbw/stw-mappings,Perl
37,webtoolsnz/castlemain-website,CSS
37,triplea-game/triplea,Java
37,tiy-chs-ruby/assignments-june-2015,Ruby
37,tgstation/-tg-station,DM
37,terminal42/contao-changelanguage,PHP
37,tdwg/bdq,HTML
37,serlo-org/athene2,TSQL
37,rastating/DroidBeard,Java
37,phpbb-de/phpbb-translation,PHP
37,openaddresses/openaddresses,JavaScript
37,oncampus/mediawiki-extensions-Loop,PHP
37,obophenotype/human-phenotype-ontology,Makefile
37,nicehash/NiceHashMinerLegacy,C#
37,mundialis/metaopendata,CSS
37,mike42/escpos-php,PHP
37,js-org-cleanup/test-repo-1,JavaScript
37,influxdata/telegraf,Go
37,hpi-swt2/vm-portal,Ruby
37,grpc/grpc,C++
37,ethereum-mining/ethminer,C++
37,endless-sky/endless-sky,C++
37,christianchf/misterfut,JavaScript
37,catehstn/technically-speaking,Python
37,bokeh/bokeh,Python
37,bi3mer/gmap377_leathGloves_inc,Mathematica
37,auroraide/aurora,JavaScript
37,appium/appium,JavaScript
37,antonpup/Aurora,C#
37,Tobi9990/TourAdvisor,C#
37,TechReborn/TechReborn,Java
37,Skycoin-cp/skycoin,Go
37,Roblox/Core-Scripts,Lua
37,OriginProtocol/origin,JavaScript
37,MN-Script-Team/DHS-MAXIS-Scripts,Visual Basic
37,JosiahJack/Citadel,C#
37,HPI-SWA-Teaching/OpenSqueakMap,Smalltalk
37,ExtremeEnvironment/edge-server,JavaScript
37,Che4ter/PAWI,JavaScript
37,AfeefaDe/afeefa-frontend,CSS
36,yakamara/redaxo_xform,PHP
36,woothemes/woocommerce,PHP
