1320,nukeviet/nukeviet,PHP
1189,XX-net/XX-Net,Python
594,996icu/996.ICU,Rust
492,VietOpenCPS/opencps,Java
467,ImagicalMine/ImagicalMine,PHP
435,langsci/177,TeX
349,ant-design/ant-design,TypeScript
317,nukeviet/module-shops,PHP
308,trungdq88/insurance-card,Java
295,ecomfe/echarts,JavaScript
279,NervJS/taro,JavaScript
249,haizlin/fe-interview,JavaScript
235,taobao/nginx-book,Python
224,ElemeFE/element,Vue
211,airyland/vux,Vue
203,felix-fly/felix-fly.github.io,HTML
200,akveo/ngx-admin,TypeScript
177,coolsnowwolf/lede,C
173,HuyOK/sachchuyentay,JavaScript
171,PaddlePaddle/Paddle,Python
165,v2ray/v2ray-core,Go
163,MyCATApache/Mycat-Server,Java
157,HCMUS-OSSD/HuongdanThuchanh,PHP
151,OpenRCT2/OpenRCT2,C++
145,ant-design/ant-design-pro,TypeScript
142,ahmedBassell/ahmedBassell.github.io,Vue
139,AdguardTeam/AdguardFilters,Python
138,rhotep/docLoop,JavaScript
137,tuyenvm/OpenKey,C++
137,iview/iview,Vue
134,PKUDeleted/Holes,Python
132,thinkjs/thinkjs,JavaScript
131,Bilibili/ijkplayer,C
130,youzan/vant,JavaScript
128,ant-design/ant-design-mobile,TypeScript
127,ethereum/go-ethereum,Go
123,ShabadOS/database,JavaScript
119,Meituan-Dianping/mpvue,JavaScript
115,truonganhhoang/int3117-2018,Java
114,aivivn/Machine-Learning-Yearning-Vietnamese-Translation,Python
112,vnpy/vnpy,C++
111,wangding/courses,HTML
109,guanhui07/blog,C
109,alibaba/druid,Java
109,FASTTRACKSE/FFSE1703.JavaCore,Java
108,iissnan/hexo-theme-next,CSS
107,ibireme/YYText,Objective-C
105,Nadreasky/BanleShop,CSS
104,apache/incubator-echarts,JavaScript
102,getlantern/lantern,Go
101,truonganhhoang/int3507-2016,PHP
97,shadowsocks/shadowsocks-windows,C#
97,StriveMario/StriveMario.github.io,HTML
96,alibaba/canal,Java
96,MiEcosystem/miot-plugin-sdk,JavaScript
95,FelisCatus/SwitchyOmega,CoffeeScript
94,giangdhwhtbr/CapstoneProjectKShare,JavaScript
91,VietOpenCPS/opencps-v2,Java
90,three-plus-three/hw_issues,JavaScript
89,zhhlwd/zhhlwd.github.io,HTML
89,tatfook/keepwork,Vue
87,phanngoc/benhvien,JavaScript
86,lynnandtonic/airport-codes,CSS
85,top-think/framework,PHP
85,UETCodeCamp/node-camp-02,JavaScript
85,NervJS/taro-ui,TypeScript
84,hexojs/hexo,JavaScript
84,Microsoft/vscode,TypeScript
84,521xueweihan/HelloGitHub,Python
81,shadowsocks/ShadowsocksX-NG,Swift
81,AnTTSE61258/AMS,JavaScript
79,alibaba/fastjson,Java
79,Komei22/sample_app,Ruby
78,mynukeviet/lynx,PHP
78,fatedier/frp,Go
78,PanJiaChen/vue-element-admin,Vue
78,BambooEngine/ibus-bamboo,Go
77,fex-team/webuploader,JavaScript
77,IstiN/android-training-2017,Java
74,vuejs/vue-cli,JavaScript
73,z-song/laravel-admin,PHP
73,cisen/blog,HTML
72,vuejs/vue,JavaScript
72,tranquang9a1/ECRM,Java
72,soimort/you-get,Python
72,monkey-wenjun/awen.github.io,HTML
72,NG-ZORRO/ng-zorro-antd,TypeScript
71,pili-engineering/PLDroidPlayer,Java
71,f97/f97.github.io,HTML
70,p700/p700.github.io,CSS
69,dcloudio/uni-app,JavaScript
69,UETCodeCamp/node-camp-03,JavaScript
69,SwiftOldDriver/iOS-Weekly,Swift
68,kogg/instant-logos,JavaScript
67,wangfupeng1988/wangEditor,JavaScript
67,top-think/think,PHP
67,nukeviet/eGovernment,PHP
67,hxhb/blog,HTML
67,CarGuo/GSYVideoPlayer,Java
66,jumpserver/jumpserver,JavaScript
65,hankcs/HanLP,Python
65,Tencent/ncnn,C++
65,2017FZU/BeatIt,Java
64,zhebinhu/zhebinhu.github.io,HTML
64,truonganhhoang/INT2208-8-2019,HTML
64,nutzam/nutz,Java
64,libin1991/libin_Blog,JavaScript
64,leancloud/docs,JavaScript
64,guanzhi/GmSSL,C
63,laravel-noobs/NEWS,JavaScript
63,eggjs/egg,JavaScript
63,PaperAirplane-Dev-Team/BlackLight,Kotlin
63,2dust/v2rayN,C#
62,tdwg/bdq,HTML
62,ncssar/radiolog,Python
62,koolshare/koolshare.github.io,ASP
62,Tencent/wepy,JavaScript
62,CymChad/BaseRecyclerViewAdapterHelper,Java
61,duchoangse03239/Koi_Project,JavaScript
61,chrmarti/testissues,JavaScript
61,J2TeaM/J2TeaM-Security,HTML
60,YMFE/yapi,JavaScript
60,RubyLouvre/avalon,JavaScript
59,racaljk/hosts,Rascal
59,nukeviet/module-download,PHP
58,HuBlanker/blog,JavaScript
57,thanle95/Thesis_VietnameseCheckingSpelling,C#
57,ninglg/ninglg.github.io,HTML
57,manh1208/SportsSocialNetwork,C#
57,easywebhub/tasks,HTML
57,Wozacosta/PWAGram,JavaScript
57,DIYgod/RSSHub,JavaScript
56,anhyeuviolet/module-videos,PHP
55,d2-projects/d2-daily,CSS
55,baomidou/mybatis-plus,Java
54,wirecard/opencart-ee,PHP
54,teni-ime/ibus-teni,Go
54,jecelyin/920-text-editor-v2,Java
54,daltonnyx/homeclick,JavaScript
53,youzan/vant-weapp,JavaScript
53,xtaci/kcptun,Go
53,nickyam/nickyam.github.io,HTML
53,ikedaosushi/tech-news,JavaScript
53,hungcuongqn86/mcdt,Smarty
53,Tencent/xLua,C
53,J2TEAM/J2TeaM-Security,HTML
52,sikaozhe1997/Xin-Yue,HTML
52,selfteaching-learning-notes/selfteaching-learning-notes.github.io,JavaScript
52,sdc-alibaba/SUI-Mobile,JavaScript
52,ossrs/srs,C++
52,3t-opensources/DongXanh,JavaScript
51,wirecard/paymentSDK-php,PHP
51,umijs/umi,TypeScript
51,swoft-cloud/swoft,PHP
51,neolee/pilot,Jupyter Notebook
51,khacpv/altp,Java
51,dvajs/dva,JavaScript
51,dianping/cat,Java
51,bigdargon/hostsVN,Shell
51,astaxie/beego,Go
50,ibireme/YYKit,Objective-C
50,bilibili-dd-center/vdb,JavaScript
50,alibaba/anyproxy,JavaScript
49,wangshub/wechat_jump_game,Python
49,nukeviet/module-laws,PHP
48,ydcss/vue-ydui,Vue
48,shadowsocks/shadowsocks-android,Kotlin
48,shadowsocks/shadowsocks,Python
48,session-replay-tools/tcpcopy,C
48,go-xorm/xorm,Go
48,dzungnv02/intern-ems,JavaScript
48,bang590/JSPatch,Objective-C
48,banchichen/TZImagePickerController,Objective-C
48,UETCodeCamp/node-camp-01,JavaScript
48,LeaVerou/prefixfree,JavaScript
48,FPTTeam/OneVietnamVer2,JavaScript
47,wyouflf/xUtils3,Java
47,thx/RAP,JavaScript
47,fex-team/ueditor,JavaScript
47,ElemeFE/mint-ui,Vue
46,siteserver/cms,C#
46,Tencent/bk-cmdb,Go
46,RMSnow/RMSnow.github.io,JavaScript
45,steedos/apps,JavaScript
45,n-faces/Unvirtuous,JavaScript
45,easywebhub/easyapp,JavaScript
45,ctripcorp/apollo,Java
45,cfpb/hmda-test-files,Python
45,alibaba/ice,TypeScript
45,alibaba/easyexcel,Java
45,Molunerfinn/PicGo,Vue
45,Liam0205/liam0205.github.io,HTML
44,proxyee-down-org/proxyee-down,Java
44,haigame7/H7-App-V1.0,JavaScript
44,godweiyang/godweiyang.github.io,HTML
44,Tencent/tinker,Java
44,Duter2016/Duter2016.github.io,HTML
43,zuiidea/antd-admin,JavaScript
43,nvminhtu/LearnPhaser,JavaScript
43,darknessomi/musicbox,Python
43,antvis/g2,TypeScript
43,DigitalPlatform/dp2,C#
42,xiemx/xray,HTML
42,vinhnam25/15HCB2-HTTTHD,JavaScript
42,tranmaianh/vexe,HTML
42,thanhlongdoan/DauGiaTrucTuyen,JavaScript
42,tdfoss/lynx,PHP
42,poooi/poi,JavaScript
42,hq450/fancyss,ASP
42,ZingLix/ZingLix.github.io,HTML
42,QMUI/QMUI_Android,Java
42,Molunerfinn/Molunerfinn.github.io,HTML
42,ElemeFE/v-charts,JavaScript
41,sover02/create-issue-from-file,Python
41,sorrycc/roadhog,JavaScript
41,museui/muse-ui,Vue
41,michael-collins/mcc,CSS
41,longluo/longluo.github.io,HTML
41,hhyo/Archery,Python
41,alibaba/DataX,Java
41,alibaba/BizCharts,TypeScript
41,TeaMeow/TocasUI,HTML
41,ChenYilong/CYLTabBarController,Objective-C
40,star7th/showdoc,JavaScript
40,raldridge11/XSteamPython,Python
40,notepad-plus-plus/notepad-plus-plus,C++
40,mayswind/AriaNg,JavaScript
40,jeasonlzy/okhttp-OkGo,Java
40,fex-team/fis3,JavaScript
40,brpc/brpc,C++
40,Blankj/AndroidUtilCode,Java
39,zhangdaiscott/jeecg-boot,Java
39,vueComponent/ant-design-vue,Vue
39,swoole/swoole-src,C++
39,jackeyGao/JackeyGao.github.io,HTML
39,hansewu/MovieMator,C++
39,ddxygq/ddxygq.github.io,HTML
39,antvis/g6,TypeScript
39,alibaba/dubbo,Java
39,Wox-launcher/Wox,C#
39,Tencent/mars,C++
39,CdqPT/cdqpt.github.io,HTML
38,typecho/typecho,PHP
38,thuthoi/ptudhttthd,JavaScript
38,tatfook/wikicraft,JavaScript
38,tamlok/vnote,C++
38,sunkaixuan/SqlSugar,C#
38,sansanboy/sansanboy.github.io,HTML
38,qhh0205/qhh0205.github.io,HTML
38,khoahoang/SecondHandMarket,JavaScript
38,droidyuecom/comments_droidyuecom,CSS
38,buildupchao/buildupchao.github.io,HTML
38,Nadreasky/YourWebsite,CSS
38,LeaVerou/awesomplete,JavaScript
38,ConorPai/ConorPai.github.io,HTML
38,CS-Tao/CS-Tao.github.io,JavaScript
37,zphj1987/zphj1987.github.io,HTML
37,yinghuocho/firefly-proxy,Go
37,wirecard/woocommerce-ee,PHP
37,wirecard/magento2-ee,PHP
37,undertheseanlp/underthesea,Python
37,renzifeng/ZFPlayer,Objective-C
37,pandao/editor.md,JavaScript
37,overtrue/wechat,PHP
37,nndl/nndl.github.io,HTML
37,mwichary/The-rectangle-behind-you,JavaScript
37,mauricio208/freelance,JavaScript
37,dta0502/dta0502.github.io,HTML
37,brinkqiang/brinkqiang.github.io,JavaScript
37,alibaba/AndFix,C++
37,YoungjunJo/agile-java,Java
36,xuxueli/xxl-job,Java
36,xiemax100/BlogComments,HTML
36,tjworks/docs,Python
36,tencentyun/TIMSDK,JavaScript
36,simple-rtmp-server/srs,C++
36,mipengine/mip2,JavaScript
36,meolu/walle-web,Python
36,lyl873825813/lyl873825813.github.io,HTML
36,leanote/leanote,JavaScript
36,brotherlogic/tracer,Go
36,MaVuong/TestCocosJS,Java
36,CodisLabs/codis,Go
36,CoderMJLee/MJRefresh,Objective-C
35,shadowsocks/shadowsocks-qt5,C++
35,nguyenkha/kcoin-blockchain,JavaScript
35,iview/iview-admin,Vue
35,PaddlePaddle/models,Python
34,vinaas/tasks,JavaScript
34,thinkcmf/thinkcmf,JavaScript
34,thienkhiem/DienLucHocMonCT,C#
34,lotem/rimeime,C++
34,looly/hutool,Java
34,lipangit/JiaoZiVideoPlayer,Java
34,hugegraph/hugegraph,Java
34,htmyheart/magento-development,PHP
34,hceng/hceng.github.io,HTML
34,fangshufeng/fangshufeng.github.io,HTML
34,esdee1902/TA05_K21T03_Team3.6,Java
34,dcloudio/mui,JavaScript
34,code4craft/webmagic,Java
34,chimyking/frontend-interview,HTML
34,BinhMai/CNPM_Group-8_Web_BanHang,PHP
34,2dust/v2rayNG,Kotlin
33,waditu/tushare,Python
33,tianhaoo/tianhaoo.github.io,HTML
33,thangk58uet/WB-WebBooking,CSS
33,shiyicode/shiyicode.github.io,HTML
33,s0521/s0521.github.io,HTML
33,litten/hexo-theme-yilia,JavaScript
33,hk-cnyali/hk-cnyali.github.io,HTML
33,forkdelta/tokenbase,Python
33,233boy/v2ray,Shell
32,ustbhuangyi/better-scroll,TypeScript
32,bannedbook/fanqiang,Rich Text Format
32,alibaba/arthas,Java
32,TRHX/TRHX.github.io,HTML
32,LanTingShuXu/lantingshuxu.github.io,HTML
31,steedos/creator,CoffeeScript
31,shadowsocks/shadowsocks-libev,C
31,ricequant/rqalpha,Python
31,pyecharts/pyecharts,Python
31,php-cpm/php-cpm.github.io,HTML
31,niits/INT2208-7-2019,CSS
31,focus5080/test,Java
31,daliansky/daliansky.github.io,HTML
31,cunyu1943/cunyu1943.github.io,HTML
31,PyQt5/blog,JavaScript
31,CTeX-org/ctex-kit,TeX
31,AT-PHPIntership/Thue_Nhanh,PHP
31,75team/thinkjs,JavaScript
30,vuthelinh/selenium-vietnam-training-course,Python
30,shd101wyy/markdown-preview-enhanced,HTML
30,nukeviet/update,PHP
30,modouxiansheng/modouxiansheng.github.io,HTML
30,lifei6671/mindoc,Go
30,khs1994-docker/lnmp,Dockerfile
30,kbengine/kbengine,C
30,jens-maus/yam,C
30,ginuerzh/gost,Go
30,deniotokiari/training-epam-2016,Java
30,appveyor/ci,PowerShell
30,WeGroup123456/ProjectWeb,JavaScript
30,Tencent/QMUI_Android,Java
29,xyuanmu/XX-Mini,Python
29,wepyjs/wepy,JavaScript
29,tidyko/tidyko.github.io,HTML
29,slimkit/plus,PHP
29,policx/talk,CSS
29,oleometal/Arrow-ATS,HTML
29,kubesphere/kubesphere,Go
29,istek/istekcc,CSS
29,holidaypenguin/holidaypenguin.github.io,JavaScript
29,hoangphantich/webeula16.1,HTML
29,ecomfe/echarts-for-weixin,JavaScript
29,dd-center/vdb,JavaScript
29,alibaba/jetcache,Java
29,RT-Thread/rt-thread,C
29,MT-Pee/2017_14BIT1_MTPEE_Project,PHP
29,CoderMJLee/MJExtension,Objective-C
29,AT-PHPIntership/OnlineMath,PHP
28,xgfe/xgfe.github.io,CSS
28,weui/weui,CSS
28,lyh543/lyh543.github.io,HTML
28,linuxsong/blog,HTML
28,javakam/javakam.github.io,HTML
28,ideawu/ssdb,C++
28,fex-team/kityminder-editor,JavaScript
28,cnpm/cnpm,JavaScript
28,cloudwu/skynet,C
28,cipchk/ng-alain,TypeScript
28,billfeller/billfeller.github.io,HTML
28,alibaba/weex-ui,Vue
28,alibaba/nacos,Java
28,SmartDoubleXiao/smartdoublexiao.github.io,HTML
28,NhanKiet/2017_14BIT_GroupB_QLSV,PHP
28,HFO4/HFO4.github.io,HTML
28,Dafrok/vue-baidu-map,Vue
28,AnTTSE61258/ghinhap,JavaScript
27,wangduanduan/wangduanduan.github.io,JavaScript
27,sonvinh/PONGGAME2.0,Java
27,selfteaching/selfteaching-python-camp,Python
27,phantranggg/ITSS-Mongu,CSS
27,ng-alain/ng-alain,TypeScript
27,mathiashron/Tareas-Cortas,C#
27,liuzhihangs/liuzhihangs.github.io,HTML
27,hwdsl2/setup-ipsec-vpn,Shell
27,hinesboy/mavonEditor,Vue
27,hahh2/seleninum-practice,Java
27,gsdios/SDCycleScrollView,Objective-C
27,geeeeeeeeek/electronic-wechat,JavaScript
27,doublechen/doublechen.github.io,HTML
27,depthlove/depthlove.github.io,HTML
27,dattran2723/Map4D,JavaScript
27,cumt-robin/tusi-hexo,HTML
27,cnpm/cnpmjs.org,JavaScript
27,XiaoMi/hiui,JavaScript
27,Justson/AgentWeb,Java
27,GameBelial/ZonyLrcDownLoad,C#
27,AirtestProject/Airtest,Python
26,yanue/V2rayU,Swift
26,wangyu-/udp2raw-tunnel,C++
26,wangmchn/WMPageController,Objective-C
26,vihoangson/Family,PHP
26,veraposeidon/veraposeidon.github.io,HTML
26,tencent-wechat/phxsql,C++
26,open-falcon/falcon-plus,Go
26,nvthong/QuanLyKho,C#
26,linuxdeepin/developer-center,CSS
26,leancloud/ChatKit-OC,Objective-C
26,jinliangXX/jinliangXX.github.io,HTML
26,hawkyAndroid/hawkyAndroid.github.io,HTML
26,easywebhub/training-tasks,HTML
26,dinosysOrg/sportbook-android,Kotlin
26,antvis/f2,JavaScript
26,android-hacker/VirtualXposed,Java
26,alibaba/AliOS-Things,C
26,TranCongDu/teamass4,Java
26,Kenshin/simpread,JavaScript
26,H07000223/FlycoTabLayout,Java
26,ChanghuiN/ChanghuiN.github.io,HTML
26,15HCB2-Wind/DoAn-PT-HTTT-HD,C#
25,wandoulabs/codis,Go
25,totai02/SoftwareEngineer_Game,C#
25,sick-cat/sick-cat.github.io,HTML
25,scwang90/SmartRefreshLayout,Java
25,oldj/SwitchHosts,JavaScript
25,nondanee/UnblockNeteaseMusic,JavaScript
25,littlecodersh/ItChat,Python
25,linhSUTD/interactive-front-end,CSS
25,koolshare/ledesoft,ASP
25,jetjokers24895/v2-furniture-maker,JavaScript
25,fezaoduke/fe-practice-hard,HTML
25,didi/mand-mobile,Vue
25,codingapi/tx-lcn,Java
25,chatopera/cosin,Java
25,chai2010/advanced-go-programming-book,Go
25,bingoogolapple/BGAQRCode-Android,C
25,alibaba/tengine,C
25,WizTeam/WizQTClient,C
25,ThanhTrungGVC/INT2208-7-2019,CSS
25,Tencent/wcdb,C
25,PDP-10/its,Assembly
25,LuoShengMen/StudyNotes,HTML
25,HGzhao/HGzhao.github.io,HTML
24,zibianqu/zibianqu.github.io,HTML
24,xinlei3166/xinlei3166.github.io,HTML
24,xiaolin3303/wx-charts,JavaScript
24,wenzhixin/bootstrap-table,JavaScript
24,wayou/wayou.github.io,JavaScript
24,undertheseanlp/languageflow,Python
24,thx/rap2-delos,TypeScript
24,remaxjs/remax,JavaScript
24,phuongnguyenthi251199/QuanLyKhachSan,PHP
24,mipengine/mip-extensions,JavaScript
24,macplay/macplay.github.io,Jupyter Notebook
24,liulinboyi/liulinboyi.github.io,HTML
24,lipangit/JieCaoVideoPlayer,Java
24,lekhasy/UpupNetFramework,C#
24,huanghongxun/HMCL,Java
24,dotnetcore/surging,C#
24,dominan/INT2208-7-2019,CSS
24,devnhanhoa/ngx-web4s,HTML
24,cyfdecyf/cow,Go
24,XndroidDev/Xndroid,Java
24,Wechat-Group/weixin-java-tools,Java
24,ProyectoIntegrador2018/Inventarios,HTML
24,M157q/m157q.github.io,Python
24,Jv0id/jv0id.github.io,CSS
24,JeffreySu/WeiXinMPSDK,C#
24,GISerDaiShaoqing/GISerDaiShaoqing.github.io,HTML
24,Eugene1992/java-starter-17,Java
23,yanzhenjie/AndPermission,Java
23,wangpengcheng/wangpengcheng.github.io,HTML
23,vuejs/vue-router,JavaScript
23,victoryw/learn-base,Shell
23,teaey/spring-boot-starter-dubbo,Java
23,stackuncle/stackuncle.github.io,HTML
23,qiniu/qshell,Go
23,powerdong/myBlog,HTML
23,metrue/metrue.github.io,HTML
23,lingochamp/FileDownloader,Java
23,lihongxun945/jquery-weui,JavaScript
23,kelseyhightower/nocode,Dockerfile
23,jhao104/proxy_pool,Python
23,hengboy/spring-cloud-chapter,Java
23,edtechkidsvn/cijs-student-book,JavaScript
23,developer-learning/reading-go,Go
23,dbarobin/dbarobin.github.io,CSS
23,chineseocr/chineseocr,Python
23,TankZhouFirst/TankZhouFirst.github.io,CSS
23,ShanyouYu-Sean/seanthefish-repo,CSS
23,SE-02/skybooks,PHP
23,QMUI/QMUI_iOS,Objective-C
23,DaoDucKhiem/nhom-5,HTML
22,viosey/hexo-theme-material,CSS
22,tth37/tth37.github.io,HTML
22,tianma8023/tianma8023.github.io,HTML
22,taosdata/TDengine,C
22,pingcap/tidb,Go
22,ouuan/ouuan.github.io,HTML
22,nvthuan1307/XStoreMobile,HTML
22,lmnsyunhao/lmnsyunhao.github.io,HTML
22,lihongzheshuai/lihongzheshuai.github.io,JavaScript
22,ksc-fe/kpc,JavaScript
22,jadyer/jadyer.github.io,HTML
22,hungdq123/Giftvoucher-M2-Update,PHP
22,gaoxiang12/slambook,C++
22,didi/DoraemonKit,Java
22,consenlabs/token-profile,TypeScript
22,cnlh/nps,Go
22,chuquynhtrang/KTPM_Nhom50,C++
22,cgstudios/cgstudios.github.io,HTML
22,alibaba-fusion/next,JavaScript
22,aimingoo/aimingoo.github.io,HTML
22,ThanhTung0291/Assignment05,Java
22,Tencent/QMUI_iOS,Objective-C
22,PhuongDuy/Assignment05,Java
22,NewDadaFE/react-impression,CSS
22,Natashi402/SimpleOnlineGameSE02,PHP
22,Hunghus/CNPM-Chatbot,Python
22,997icu/996.ICU,Rust
21,zombie110year/blog-source,Python
21,wklken/k-vim,Vim script
21,wisnuc/appifi,JavaScript
21,visualfc/liteide,C++
21,toanmx0101/tokuda_team,Ruby
21,spmjs/spm,JavaScript
21,snail007/goproxy,Go
21,sisyphsu/sisyphsu.github.io,HTML
21,sentsin/layui,JavaScript
21,reek/anti-adblock-killer,JavaScript
21,ppundsh/ppundsh.github.io,HTML
21,pingcap/docs-cn,Shell
21,passionstorm/hrm,HTML
21,openatx/uiautomator2,Python
21,lxchinesszz/lxchinesszz.github.io,HTML
21,iCocos/icocos.github.io,HTML
21,hyperf-cloud/hyperf,PHP
21,hushhw/hushhw.github.io,HTML
21,gogf/gf,Go
21,didi/chameleon,JavaScript
21,coconilu/Blog,JavaScript
21,caojiangxia/caojiangxia.github.io,HTML
21,bilibili-dd-center/vtbs.moe,Vue
21,askme765cs/Wine-QQ-TIM,ASP
21,apache/incubator-dubbo,Java
21,alibaba/p3c,Kotlin
21,aelkugia/Issue-Slack-Bot,JavaScript
21,Trang1936/SE-FinalProject,PHP
21,Tomotoes/Tomotoes.github.io,HTML
21,Tencent/sluaunreal,C++
21,Nguyenhue98/tuan1,C
21,LuckSiege/PictureSelector,Java
21,JaCoxxx/blog,HTML
21,FPlane/2017-14BIT-GROUP_H-Project,C#
21,ElemeFE/vue-amap,JavaScript
21,Cenmrev/V2RayX,Objective-C
21,AlloVince/avnpc.content,CSS
21,AirtestProject/Poco,Python
21,17020932/2hand-market,HTML
20,yzhang921/CBoard,TSQL
20,yuyuvn/hubot-facebook-bot,CoffeeScript
20,xipuhu/xipuhu.github.io,HTML
20,ulovecode/ulovecode.github.io,HTML
20,txthinking/brook,Go
20,tea9/tea9.github.io,HTML
20,tao12345666333/tao12345666333.github.io,HTML
20,shadowsocks/openwrt-shadowsocks,Makefile
20,rilyu/teaset,JavaScript
20,reng99/reng99.github.io,HTML
20,qinshuang1998/qinshuang1998.github.io,HTML
20,nukeviet/module_c34to40,PHP
20,nswbmw/N-blog,JavaScript
20,newlzs/newlzs.github.io,HTML
20,nangongyibin7219/nangongyibin7219.github.io,HTML
20,luyh/luyh.github.io,JavaScript
20,ltaoo/reading,JavaScript
20,lelinhtinh/Userscript,JavaScript
20,laocaixw/laocaixw.github.io,HTML
20,hui-Zz/RunAny,AutoHotkey
20,hoanphi2201/SoftEng-Assignments-nhom-10,CSS
20,hhuysqt/hhuysqt.github.io,HTML
20,flike/kingshard,Go
20,espressif/ESP8266_RTOS_SDK,C
20,dangdangdotcom/elastic-job,Java
20,baixiangcpp/hexo,CSS
20,amazeui/amazeui,JavaScript
20,alibaba/vlayout,Java
20,abel533/Mapper,Java
20,TesterRepo/kiemthu_Group1,JavaScript
20,NguyenTuanVu2105/INT2208-8-2019,HTML
20,Mu-Zhou/mu-zhou.github.io,JavaScript
20,LambdaInnovation/AcademyCraft,Java
20,Chyroc/chyroc.github.io,CSS
19,zeusees/HyperLPR,C++
19,yscoder/hexo-theme-indigo,CSS
19,xu-li/cordova-plugin-wechat,Objective-C
19,vmluan/sanyo,JavaScript
19,vihoangson/family_laravel,HTML
19,vanhongha/QLNT_OODA,C#
19,typcn/bilibili-mac-client,Objective-C
19,truonganhhoang/int3117-2019-2,JavaScript
19,syshlang/syshlang.github.io,HTML
19,shangzekai/shangzekai.github.io,HTML
19,shadowsocksrr/shadowsocksr-csharp,C#
19,sendya/ant-design-pro-vue,Vue
19,saintkarl/tpkwhm,Java
19,ronggang/PT-Plugin-Plus,TypeScript
19,qiwihui/hiwifi-ss,HTML
19,pandolia/qqbot,Python
19,ntthanh26/SpaPet,PHP
19,natsukagami/themis-web-interface,JavaScript
19,liyucang-git/liyucang-git.github.io,CSS
19,liuruoze/EasyPR,C++
19,lework/lework.github.io,CSS
19,jiayouxujin/jiayouxujin.github.io,HTML
19,japho/japho.github.io,HTML
19,huyphan/NAKL,Objective-C
19,htmyheart/outsourcing_dev2,PHP
19,happyfish100/fastdfs,C
19,gonrin/GonrinUI,JavaScript
19,fxsjy/jieba,Python
19,duyv6/PTUDHTTTHD,JavaScript
19,drcoms/drcom-generic,Python
19,docker/kitematic,JavaScript
19,dangdangdotcom/sharding-jdbc,Java
19,cocos-creator/engine,JavaScript
19,buibao/ASS4,Java
19,biskulls/ShopQA,JavaScript
19,alexazhou/VeryNginx,Lua
19,agalwood/Motrix,JavaScript
19,YoKeyword/Fragmentation,Java
19,XX-net/XX-Net-dev,Python
19,Tencent/bk-sops,Python
19,TalkingData/iview-weapp,CSS
19,Rust-Book-FR/Rust-Book-FR-Traduction,Rust
19,PhilosopherZ/PhilosopherZ.github.io,HTML
19,PPHubApp/PPHub-Feedback,Swift
19,NhomDAThayAnh/WebsiteTTTuyenDung,JavaScript
19,LiXizhi/ParaCraft,Batchfile
19,JaxsonWang/WP-Editor.md,JavaScript
19,FXTD-ODYSSEY/FXTD-odyssey.github.io,HTML
19,Chuyu-Team/Dism-Multi-language,HTML
19,ChocoYvan/ChocoYvan.github.io,HTML
19,AAChartModel/AAChartKit,Objective-C
18,zzhoujay/RichText,Java
18,zhblue/hustoj,JavaScript
18,zhangn1985/ykdl,Python
18,yeszao/dnmp,Shell
18,xyxiao001/vue-cropper,Vue
18,xiaokuicui/xiaokuicui.github.io,HTML
18,wequick/Small,Java
18,weibocom/motan,Java
18,viphat/call-center-data-cleaning,JavaScript
18,tungph80/VeMT,C#
18,syhyz1990/baiduyun,JavaScript
18,swomfire/react-link,JavaScript
18,shenghaishxt/shenghaishxt.github.io,HTML
18,rime/home,HTML
18,ph-27/TEAM4,HTML
18,pfff369/pfff369.github.io,HTML
18,openthos/community-analysis,Shell
18,noriyuki-wada/test,HTML
18,nguyenhuuluan/CapstoneProject_K20T_SHINES,HTML
18,newcore2016/1st-project,Swift
18,n24xxx/assignment5,HTML
18,mipengine/mip2-extensions,JavaScript
18,minhvo256/Heroesponggame,Java
18,lj2007331/oneinstack,Shell
18,lilotech-2019/home-stay,HTML
18,leanote/desktop-app,JavaScript
18,jpush/jpush-react-native,Objective-C
18,jpush/aurora-imui,Java
18,javamonkey/beetl2.0,Java
18,jackfrued/Python-100-Days,Jupyter Notebook
18,ilikewind/Myblog,CSS
18,hyc1996/hyc1996.github.io,HTML
18,houtianze/bypy,Python
18,hieuhust/ProjectOne,Java
18,guozhivip/guozhivip.github.io,HTML
18,gsdios/SDAutoLayout,Objective-C
18,gjmzj/kubeasz,Shell
18,getgridea/gridea,CSS
18,ducanh96/WebThiTiengAnh,HTML
18,didi/cube-ui,JavaScript
18,dangdangdotcom/dubbox,Java
18,comment-jason/hustyichi.github.io,CSS
18,chazyu1996/chazyu1996.github.io,JavaScript
18,brandonberney/toontown-online-patcher,HTML
18,bingoogolapple/bingoogolapple.github.io,HTML
18,bekeomut93hy/Nhom20-CNPM,JavaScript
18,avwo/whistle,JavaScript
18,asLody/VirtualApp,Java
18,alibaba/x-deeplearning,PureBasic
18,alibaba/freeline,Java
18,alibaba/ARouter,Java
18,aa65535/openwrt-chinadns,Makefile
18,Wingcfly/PongGameSC,Java
18,Sui-Siann-Dataset/Sui-Siann-Dataset,Python
18,RandolphChin/RandolphChin.github.io,CSS
18,OBKoro1/web_accumulate,HTML
18,Jrohy/multi-v2ray,Python
18,Disappear9/disappear9.github.io,HTML
18,BUAASigma/PhyLab,PHP
17,youzan/zanui-weapp,JavaScript
17,xiaomoinfo/blog,C++
17,web-programming-20182/MovieTicket,PHP
17,waylybaye/HyperApp-Guide,CSS
17,wang-bin/QtAV,C++
17,tqtkamitan/moneylover-c-T-,C#
17,top-think/thinkphp,PHP
17,thongdaoxuan/Teaching-English,PHP
17,sinaweibosdk/weibo_android_sdk,HTML
17,seven332/EhViewer,Java
17,qiuxiang/react-native-amap3d,Kotlin
17,pili-engineering/PLPlayerKit,Objective-C
17,phantomT/hexo-gitalk,JavaScript
17,otale/tale,JavaScript
17,nukeviet/module-nvform,PHP
17,manhung99/INT2208-7-2019,HTML
17,magicmai/TypeScript,JavaScript
17,lujun9972/lujun9972.github.com,Shell
17,longitachi/ZLPhotoBrowser,Objective-C
17,lif3ng/todos,JavaScript
17,li-xiaojun/XPopup,Java
17,leminhthanh1998/MoneyLover,C#
17,leancloud/javascript-sdk,JavaScript
17,krmao/krmao.github.io,HTML
17,kaola-fed/megalo,JavaScript
17,kaola-fed/blog,JavaScript
17,jinnaiyuu/15puzzle,C++
17,g199209/g199209.github.io,HTML
17,fkzhang/WechatUnrecalled,Java
17,ducanh96/LTNC,Java
17,dlxiii/dlxiii.github.io,HTML
17,ddddxxx/LyricsX,Swift
17,crimx/ext-saladict,TypeScript
17,cocos2d/cocos2d-x,C++
17,chxuan/vimplus,Vim script
17,chuanshuo843/chuanshuo843.github.io,HTML
17,blocklang/blocklang.com,Java
17,apache/incubator-weex,C++
17,ant-design/ant-design-mobile-rn,TypeScript
17,allmobilize/amazeui,JavaScript
17,allenxz/allenxz.github.io,HTML
17,aliyun/rds_dbsync,C
17,alibaba/otter,Java
17,akveo/nebular,TypeScript
17,TeamCongNghePhanMem/HusShop,HTML
17,RhymeChiang/rhymechiang.github.io,HTML
17,Mrminfive/Mrminfive.github.io,HTML
17,Mr-xiaoweiwei/c-blogs.github.io,CSS
17,LiZeC123/lizec123.github.io,HTML
17,HIT-SCIR/pyltp,C++
17,ElderDrivers/EdXposed,Java
17,EXKulo/EXkulo.github.io,HTML
17,Dreamacro/clash,Go
17,DaiHuiBlog/DaiHuiBlog.github.io,HTML
17,Chimeejs/chimee,JavaScript
17,Chaowei0820/Chaowei0820.github.io,HTML
17,Carpentries-ES/r-novice-gapminder,Python
17,Binaryify/NeteaseCloudMusicApi,JavaScript
17,Ar1i/PokemonGo-Bot,C#
17,AYJCSGM/AYJCSGM.github.io,HTML
17,33cn/chain33,Go
16,zhanhongtao/blog,HTML
16,zacyu/bilibili-helper,JavaScript
16,yz-hs/yz-hs.github.io,HTML
16,wirecard/dev-prestashop-ee,PHP
16,weibocom/nginx-upsync-module,C
16,wanf425/wanf425.github.io,CSS
16,ttfisher/ttfisher.github.io,JavaScript
16,sinaweibosdk/weibo_ios_sdk,HTML
16,shw2018/shw2018.github.io,HTML
16,rbind/yihui,HTML
16,peccu/outer-storage,CSS
16,originalix/originalix.github.io,HTML
16,openks/learn-vue,JavaScript
16,oosprey/oosprey.github.io,HTML
16,nuysoft/Mock,JavaScript
16,ninjadotorg/handshake-protocol,JavaScript
16,myyyy/myyyy.github.io,HTML
16,mohamadamgad/Movies_sn,Java
16,mengchenchen/mengchenchen.github.io,CSS
16,longld12020236/kt_Group23,Java
16,linyiyuan/linyiyuan.gitbook.io,Shell
16,lennylxx/ipv6-hosts,Python
16,leesanhoon/Assignment-4,Java
16,iuap-design/tinper-bee,JavaScript
16,itec2017groupg/Online-Portfolio,PHP
16,hzuapps/android-labs-2019,Java
16,htmyheart/project-no2,PHP
16,hiyoung123/hiyoung123.github.io,HTML
16,golang-china/gopl-zh,HTML
16,geeeeeeeeek/WeChatLuckyMoney,Java
16,firekylin/firekylin,TypeScript
16,fex-team/fis,PHP
16,duilib/duilib,C++
16,didi/mpx,JavaScript
16,dattran2723/LazoWeb,JavaScript
16,dangdinhtai0001/Boarding-House,CSS
16,chujunjie/chujunjie.github.io,HTML
16,chuan-yun/Molten,C
16,bailicangdu/vue2-elm,Vue
16,aivivn/d2l-vn,Python
16,WangHarris/wangharris.github.io,CSS
16,VietOpenCPS/deploy,Shell
16,TalkingData/fsd,CSS
16,TGmeetup/TGmeetup.github.io,JavaScript
16,Qihoo360/RePlugin,Java
16,NadineMansour/Forces-HCI,C#
16,MicrosoftDocs/azure-docs,PowerShell
16,LabelPlus/PS-Script,JavaScript
16,HoangNhatVo/Clever,HTML
16,Bilibili/flv.js,JavaScript
16,AriaLyy/Aria,Java
16,AngusFu/nuxt-firekylin,CSS
16,AnTTSE61258/Timeline,HTML
15,zlgopen/awtk,C++
15,zhangyachen01/zhangyachen01.github.io,JavaScript
15,youth5201314/banner,Java
15,youseries/ureport,Java
15,yanyunchangfeng/yanyunchangfeng.github.io,CSS
15,xxxspy/eprime,HTML
15,wulabing/V2Ray_ws-tls_bash_onekey,Shell
15,vmtrung1997/domitory-manage,JavaScript
15,undertheseanlp/classification,Python
15,undertheseanlp/automatic_speech_recognition,Python
15,truonganhhoang/int3117-2016,JavaScript
15,tpphu/golang-trainning,HTML
15,thanhhuy3010/PongGame-3.9,Java
15,tesshucom/jpsonic,Java
15,tatfook/paracraft,Batchfile
15,tanwubin/tanwubin.github.io,CSS
15,sxyx2008/DevArticles,Shell
15,stefan11/chinese,TeX
15,smallnewer/bugs,JavaScript
15,shadowsocks/shadowsocks-manager,JavaScript
15,rdkmaster/jigsaw,TypeScript
15,qiubaiying/qiubaiying.github.io,HTML
15,publiclab/plots2,Ruby
15,ppoffice/hexo-theme-icarus,JavaScript
15,phalcon/cphalcon,PHP
15,pagehelper/Mybatis-PageHelper,Java
15,oldmanpushcart/greys-anatomy,Java
15,nhom22htd/ThorBrowser,HTML
15,mohuishou/scuplus-wechat,Vue
15,margox/braft-editor,JavaScript
15,lzyzsd/JsBridge,Java
15,longbaobao/blog,CSS
15,knightliao/disconf,Java
15,jjeejj/jjeejj.github.io,HTML
15,jdsjlzx/LRecyclerView,Java
15,ibireme/YYWebImage,Objective-C
15,hyperf/hyperf,PHP
15,haizhilin2013/githubApi,JavaScript
15,giangm9/blender3js,JavaScript
15,fadich/x-semester,Rich Text Format
15,ehlxr/ehlxr.github.io,HTML
15,ecomfe/echarts-gl,JavaScript
15,easy-mock/easy-mock,JavaScript
15,crazycodeboy/TakePhoto,Java
15,cnodejs/nodeclub,JavaScript
15,cbxs123/cbxs123.github.io,CSS
15,bmfe/eros,Vue
15,bilibili/ijkplayer,C
15,bennix/bennix.github.io,JavaScript
15,bdtren/DTTV.UIT.CNPMChuyenSau.BanDoNguoiYeuCu,JavaScript
15,baidu/tera,C++
15,apache/dubbo,Java
15,alibaba/uirecorder,JavaScript
15,alibaba/Sentinel,Java
15,ZHENFENG13/My-Blog,Java
15,YuxinZhaozyx/YuxinZhaozyx.github.io,HTML
15,Wxh16144/my-Blog,JavaScript
15,UndyingSoul/Hello-World,Python
15,SilenceLove/HXPhotoPicker,Objective-C
15,PanJiaChen/vue-admin-template,JavaScript
15,Neilpang/acme.sh,Shell
15,LabelPlus/LabelPlus,C#
15,Jasonchenlijian/FastBle,Java
15,InfiniteFlightAirportEditing/Navigation,Python
15,Coding/WebIDE,Shell
15,7to/7to.github.io,HTML
15,5iyxx/5iyxx.github.io,HTML
14,zxning/zxning.github.io,HTML
14,zqinmiao/zqinmiao.github.io,HTML
14,zmyLiuFeng/zmyLiuFeng.github.io,HTML
14,zilongxuan001/LearnFreecode,JavaScript
14,zhangbohun/zhangbohun.github.io,HTML
14,ximsfei/Android-skin-support,Java
14,uku/Unblock-Youku,JavaScript
14,tuonghuan/shop-online,HTML
14,toanmx0101/hatano_team,Ruby
14,tiepvupsu/ebookML_src,Jupyter Notebook
14,surmon-china/vue-awesome-swiper,TypeScript
14,sjq597/Blog,CSS
14,shinnytech/tqsdk-python,Python
14,shadowsocks/shadowsocks-iOS,Objective-C
14,salt-ui/saltui,JavaScript
14,rosd89/the-colors,JavaScript
14,rinodung/sql-nosql-ci,HTML
14,nukeviet/module-videoclips,PHP
14,nhyilin/nhyilin.github.io,HTML
14,navono/navono.github.io,CSS
14,mingyun/mingyun.github.io,HTML
14,microsoft/vscode,TypeScript
14,mbreaux/SimpleTemp,Python
14,mariohmol/dje,JavaScript
14,lukashaertel/TSS,Java
14,luanshiyinyang/luanshiyinyang.github.io,HTML
14,liuyueyi/hexblog,HTML
14,liurongqing/liurongqing.github.io,CSS
14,littleflute/blog,JavaScript
14,ldyivan/ldyivan.github.io,HTML
14,ladesign/ladesign.github.io,JavaScript
14,kymjs/kymjs.github.io,CSS
14,kevinzhow/PNChart,Objective-C
14,joshuaulrich/xts,R
14,jin10086/jin10086.github.io,CSS
14,iplaypi/iplaypi.github.io,HTML
14,iTXTech/Genisys,PHP
14,hustcc/echarts-for-react,JavaScript
14,huixisheng/huixisheng.github.com,HTML
14,hongyangAndroid/AndroidAutoLayout,Java
14,hongxuWei/hongxuWei.github.io,HTML
14,hongoctrien/module-nvform,PHP
14,hillwoodroc/winetricks-zh,Shell
14,ferristale/ferristale.github.io,HTML
14,dinhduc0605/ducnojinsei-blog,JavaScript
14,default1406/PhyLab,PHP
14,darkhandz/XPS15-9550-Sierra,Shell
14,daoxuanvinh992000/btvn-java_hit_2019,Java
14,cordate/cordate.github.io,HTML
14,coldinfire/coldinfire.github.io,HTML
14,chauhuynh2608/automated-web-serenity,Java
14,changmingxie/tcc-transaction,Java
14,brotherlogic/dropboxsync,Go
14,brookhong/Surfingkeys,JavaScript
14,boybook/Server2Launcher,JavaScript
14,aecheverria40/SamApp,Java
14,a870439570/a870439570.github.io,HTML
14,Zoey1038569979/Zoey1038569979.github.io,HTML
14,ZhaoYLong/ZhaoYLong.github.io,HTML
14,XiaoMi/mace,C++
14,Xheldon/x_blog,JavaScript
14,Wh0ale/Wh0ale.github.io,HTML
14,ThaoIE3/INT2208-7-2019,JavaScript
14,TKkk-iOSer/WeChatPlugin-MacOS,Objective-C
14,SpaceVim/SpaceVim,Vim script
14,PerseusDL/canonical-latinLit,XQuery
14,LoveLifeEveryday/LoveLifeEveryday.github.io,HTML
14,Lee875083146/lee875083146.github.io,CSS
14,La-Tam/Team-2.8---The-Eye,Java
14,LNRBHAW/lnrbhaw.github.io,HTML
14,Kisesy/gscan_quic,Go
14,JaxYoun/NotepadAndBookmark,HTML
14,HoangCaoPhi/ToeicFun,HTML
14,HangYongmao/HangYongmao.github.io,HTML
14,HIT-SCIR/ltp,Python
14,GourmetHunter/gourmethunter,JavaScript
14,GameXG/TcpRoute2,Go
14,Coldcrack/Coldcrack.github.io,HTML
14,Bigkoo/Android-PickerView,Java
14,ArtIsLong/ArtIsLong.github.io,HTML
14,Alivon/Panda-Learning,Python
14,1587/1587.github.com,CSS
13,zhiruiwang128/zhiruiwang128.github.io,HTML
13,zhihu/Matisse,Java
13,yydai/yydai.github.io,HTML
13,ysrc/xunfeng,Python
13,yizibi/yizibi.github.io,CSS
13,yichengchen/clashX,Swift
13,yelog/yelog.github.io,HTML
13,yanzhenjie/NoHttp,Java
13,yangweijie/note,HTML
13,xupefei/QuickLook,C#
13,xmake-io/xmake,C
13,xizhibei/blog,HTML
13,xch168/xch168.github.io,CSS
13,vanhoaile95/CNPMCS,Java
13,undertheseanlp/chatbot,C
13,tw93/tw93.github.io,CSS
13,tqbdev/LTUDW-Do-An,JavaScript
13,tianweiye/tianweiye.github.io,HTML
13,thinkuncle/thinkuncle.github.io,JavaScript
13,testerSunshine/12306,Python
13,solomonxie/solomonxie.github.io,CSS
13,sjdy521/Mojo-Webqq,Perl
13,simplestory/simplestory.github.io,HTML
13,shardingjdbc/sharding-jdbc,Java
13,ruanyf/es6tutorial,JavaScript
13,rssnsj/openwrt-hc5x61,C
13,redapple0204/my-boring-python,JavaScript
13,qiudaoke/flowable-userguide,JavaScript
13,phamhongphuc/uit.hotel,C#
13,pengliheng/pengliheng.github.io,CSS
13,opsnull/follow-me-install-kubernetes-cluster,Shell
13,odoo/odoo,JavaScript
